code,prefecture,prefecture_kana,municipality,municipality_kana
010006,北海道,ﾎｯｶｲﾄﾞｳ,,
011002,北海道,ﾎｯｶｲﾄﾞｳ,札幌市,ｻｯﾎﾟﾛｼ
012025,北海道,ﾎｯｶｲﾄﾞｳ,函館市,ﾊｺﾀﾞﾃｼ
012033,北海道,ﾎｯｶｲﾄﾞｳ,小樽市,ｵﾀﾙｼ
012041,北海道,ﾎｯｶｲﾄﾞｳ,旭川市,ｱｻﾋｶﾜｼ
012050,北海道,ﾎｯｶｲﾄﾞｳ,室蘭市,ﾑﾛﾗﾝｼ
012068,北海道,ﾎｯｶｲﾄﾞｳ,釧路市,ｸｼﾛｼ
012076,北海道,ﾎｯｶｲﾄﾞｳ,帯広市,ｵﾋﾞﾋﾛｼ
012084,北海道,ﾎｯｶｲﾄﾞｳ,北見市,ｷﾀﾐｼ
012092,北海道,ﾎｯｶｲﾄﾞｳ,夕張市,ﾕｳﾊﾞﾘｼ
012106,北海道,ﾎｯｶｲﾄﾞｳ,岩見沢市,ｲﾜﾐｻﾞﾜｼ
012114,北海道,ﾎｯｶｲﾄﾞｳ,網走市,ｱﾊﾞｼﾘｼ
012122,北海道,ﾎｯｶｲﾄﾞｳ,留萌市,ﾙﾓｲｼ
012131,北海道,ﾎｯｶｲﾄﾞｳ,苫小牧市,ﾄﾏｺﾏｲｼ
012149,北海道,ﾎｯｶｲﾄﾞｳ,稚内市,ﾜｯｶﾅｲｼ
012157,北海道,ﾎｯｶｲﾄﾞｳ,美唄市,ﾋﾞﾊﾞｲｼ
012165,北海道,ﾎｯｶｲﾄﾞｳ,芦別市,ｱｼﾍﾞﾂｼ
012173,北海道,ﾎｯｶｲﾄﾞｳ,江別市,ｴﾍﾞﾂｼ
012181,北海道,ﾎｯｶｲﾄﾞｳ,赤平市,ｱｶﾋﾞﾗｼ
012190,北海道,ﾎｯｶｲﾄﾞｳ,紋別市,ﾓﾝﾍﾞﾂｼ
012203,北海道,ﾎｯｶｲﾄﾞｳ,士別市,ｼﾍﾞﾂｼ
012211,北海道,ﾎｯｶｲﾄﾞｳ,名寄市,ﾅﾖﾛｼ
012220,北海道,ﾎｯｶｲﾄﾞｳ,三笠市,ﾐｶｻｼ
012238,北海道,ﾎｯｶｲﾄﾞｳ,根室市,ﾈﾑﾛｼ
012246,北海道,ﾎｯｶｲﾄﾞｳ,千歳市,ﾁﾄｾｼ
012254,北海道,ﾎｯｶｲﾄﾞｳ,滝川市,ﾀｷｶﾜｼ
012262,北海道,ﾎｯｶｲﾄﾞｳ,砂川市,ｽﾅｶﾞﾜｼ
012271,北海道,ﾎｯｶｲﾄﾞｳ,歌志内市,ｳﾀｼﾅｲｼ
012289,北海道,ﾎｯｶｲﾄﾞｳ,深川市,ﾌｶｶﾞﾜｼ
012297,北海道,ﾎｯｶｲﾄﾞｳ,富良野市,ﾌﾗﾉｼ
012301,北海道,ﾎｯｶｲﾄﾞｳ,登別市,ﾉﾎﾞﾘﾍﾞﾂｼ
012319,北海道,ﾎｯｶｲﾄﾞｳ,恵庭市,ｴﾆﾜｼ
012335,北海道,ﾎｯｶｲﾄﾞｳ,伊達市,ﾀﾞﾃｼ
012343,北海道,ﾎｯｶｲﾄﾞｳ,北広島市,ｷﾀﾋﾛｼﾏｼ
012351,北海道,ﾎｯｶｲﾄﾞｳ,石狩市,ｲｼｶﾘｼ
012360,北海道,ﾎｯｶｲﾄﾞｳ,北斗市,ﾎｸﾄｼ
013030,北海道,ﾎｯｶｲﾄﾞｳ,当別町,ﾄｳﾍﾞﾂﾁｮｳ
013048,北海道,ﾎｯｶｲﾄﾞｳ,新篠津村,ｼﾝｼﾉﾂﾑﾗ
013315,北海道,ﾎｯｶｲﾄﾞｳ,松前町,ﾏﾂﾏｴﾁｮｳ
013323,北海道,ﾎｯｶｲﾄﾞｳ,福島町,ﾌｸｼﾏﾁｮｳ
013331,北海道,ﾎｯｶｲﾄﾞｳ,知内町,ｼﾘｳﾁﾁｮｳ
013340,北海道,ﾎｯｶｲﾄﾞｳ,木古内町,ｷｺﾅｲﾁｮｳ
013374,北海道,ﾎｯｶｲﾄﾞｳ,七飯町,ﾅﾅｴﾁｮｳ
013439,北海道,ﾎｯｶｲﾄﾞｳ,鹿部町,ｼｶﾍﾞﾁｮｳ
013455,北海道,ﾎｯｶｲﾄﾞｳ,森町,ﾓﾘﾏﾁ
013463,北海道,ﾎｯｶｲﾄﾞｳ,八雲町,ﾔｸﾓﾁｮｳ
013471,北海道,ﾎｯｶｲﾄﾞｳ,長万部町,ｵｼｬﾏﾝﾍﾞﾁｮｳ
013617,北海道,ﾎｯｶｲﾄﾞｳ,江差町,ｴｻｼﾁｮｳ
013625,北海道,ﾎｯｶｲﾄﾞｳ,上ノ国町,ｶﾐﾉｸﾆﾁｮｳ
013633,北海道,ﾎｯｶｲﾄﾞｳ,厚沢部町,ｱｯｻﾌﾞﾁｮｳ
013641,北海道,ﾎｯｶｲﾄﾞｳ,乙部町,ｵﾄﾍﾞﾁｮｳ
013676,北海道,ﾎｯｶｲﾄﾞｳ,奥尻町,ｵｸｼﾘﾁｮｳ
013706,北海道,ﾎｯｶｲﾄﾞｳ,今金町,ｲﾏｶﾈﾁｮｳ
013714,北海道,ﾎｯｶｲﾄﾞｳ,せたな町,ｾﾀﾅﾁｮｳ
013919,北海道,ﾎｯｶｲﾄﾞｳ,島牧村,ｼﾏﾏｷﾑﾗ
013927,北海道,ﾎｯｶｲﾄﾞｳ,寿都町,ｽｯﾂﾁｮｳ
013935,北海道,ﾎｯｶｲﾄﾞｳ,黒松内町,ｸﾛﾏﾂﾅｲﾁｮｳ
013943,北海道,ﾎｯｶｲﾄﾞｳ,蘭越町,ﾗﾝｺｼﾁｮｳ
013951,北海道,ﾎｯｶｲﾄﾞｳ,ニセコ町,ﾆｾｺﾁｮｳ
013960,北海道,ﾎｯｶｲﾄﾞｳ,真狩村,ﾏｯｶﾘﾑﾗ
013978,北海道,ﾎｯｶｲﾄﾞｳ,留寿都村,ﾙｽﾂﾑﾗ
013986,北海道,ﾎｯｶｲﾄﾞｳ,喜茂別町,ｷﾓﾍﾞﾂﾁｮｳ
013994,北海道,ﾎｯｶｲﾄﾞｳ,京極町,ｷｮｳｺﾞｸﾁｮｳ
014001,北海道,ﾎｯｶｲﾄﾞｳ,倶知安町,ｸｯﾁｬﾝﾁｮｳ
014010,北海道,ﾎｯｶｲﾄﾞｳ,共和町,ｷｮｳﾜﾁｮｳ
014028,北海道,ﾎｯｶｲﾄﾞｳ,岩内町,ｲﾜﾅｲﾁｮｳ
014036,北海道,ﾎｯｶｲﾄﾞｳ,泊村,ﾄﾏﾘﾑﾗ
014044,北海道,ﾎｯｶｲﾄﾞｳ,神恵内村,ｶﾓｴﾅｲﾑﾗ
014052,北海道,ﾎｯｶｲﾄﾞｳ,積丹町,ｼｬｺﾀﾝﾁｮｳ
014061,北海道,ﾎｯｶｲﾄﾞｳ,古平町,ﾌﾙﾋﾞﾗﾁｮｳ
014079,北海道,ﾎｯｶｲﾄﾞｳ,仁木町,ﾆｷﾁｮｳ
014087,北海道,ﾎｯｶｲﾄﾞｳ,余市町,ﾖｲﾁﾁｮｳ
014095,北海道,ﾎｯｶｲﾄﾞｳ,赤井川村,ｱｶｲｶﾞﾜﾑﾗ
014231,北海道,ﾎｯｶｲﾄﾞｳ,南幌町,ﾅﾝﾎﾟﾛﾁｮｳ
014249,北海道,ﾎｯｶｲﾄﾞｳ,奈井江町,ﾅｲｴﾁｮｳ
014257,北海道,ﾎｯｶｲﾄﾞｳ,上砂川町,ｶﾐｽﾅｶﾞﾜﾁｮｳ
014273,北海道,ﾎｯｶｲﾄﾞｳ,由仁町,ﾕﾆﾁｮｳ
014281,北海道,ﾎｯｶｲﾄﾞｳ,長沼町,ﾅｶﾞﾇﾏﾁｮｳ
014290,北海道,ﾎｯｶｲﾄﾞｳ,栗山町,ｸﾘﾔﾏﾁｮｳ
014303,北海道,ﾎｯｶｲﾄﾞｳ,月形町,ﾂｷｶﾞﾀﾁｮｳ
014311,北海道,ﾎｯｶｲﾄﾞｳ,浦臼町,ｳﾗｳｽﾁｮｳ
014320,北海道,ﾎｯｶｲﾄﾞｳ,新十津川町,ｼﾝﾄﾂｶﾜﾁｮｳ
014338,北海道,ﾎｯｶｲﾄﾞｳ,妹背牛町,ﾓｾｳｼﾁｮｳ
014346,北海道,ﾎｯｶｲﾄﾞｳ,秩父別町,ﾁｯﾌﾟﾍﾞﾂﾁｮｳ
014362,北海道,ﾎｯｶｲﾄﾞｳ,雨竜町,ｳﾘｭｳﾁｮｳ
014371,北海道,ﾎｯｶｲﾄﾞｳ,北竜町,ﾎｸﾘｭｳﾁｮｳ
014389,北海道,ﾎｯｶｲﾄﾞｳ,沼田町,ﾇﾏﾀﾁｮｳ
014524,北海道,ﾎｯｶｲﾄﾞｳ,鷹栖町,ﾀｶｽﾁｮｳ
014532,北海道,ﾎｯｶｲﾄﾞｳ,東神楽町,ﾋｶﾞｼｶｸﾞﾗﾁｮｳ
014541,北海道,ﾎｯｶｲﾄﾞｳ,当麻町,ﾄｳﾏﾁｮｳ
014559,北海道,ﾎｯｶｲﾄﾞｳ,比布町,ﾋﾟｯﾌﾟﾁｮｳ
014567,北海道,ﾎｯｶｲﾄﾞｳ,愛別町,ｱｲﾍﾞﾂﾁｮｳ
014575,北海道,ﾎｯｶｲﾄﾞｳ,上川町,ｶﾐｶﾜﾁｮｳ
014583,北海道,ﾎｯｶｲﾄﾞｳ,東川町,ﾋｶﾞｼｶﾜﾁｮｳ
014591,北海道,ﾎｯｶｲﾄﾞｳ,美瑛町,ﾋﾞｴｲﾁｮｳ
014605,北海道,ﾎｯｶｲﾄﾞｳ,上富良野町,ｶﾐﾌﾗﾉﾁｮｳ
014613,北海道,ﾎｯｶｲﾄﾞｳ,中富良野町,ﾅｶﾌﾗﾉﾁｮｳ
014621,北海道,ﾎｯｶｲﾄﾞｳ,南富良野町,ﾐﾅﾐﾌﾗﾉﾁｮｳ
014630,北海道,ﾎｯｶｲﾄﾞｳ,占冠村,ｼﾑｶｯﾌﾟﾑﾗ
014648,北海道,ﾎｯｶｲﾄﾞｳ,和寒町,ﾜｯｻﾑﾁｮｳ
014656,北海道,ﾎｯｶｲﾄﾞｳ,剣淵町,ｹﾝﾌﾞﾁﾁｮｳ
014681,北海道,ﾎｯｶｲﾄﾞｳ,下川町,ｼﾓｶﾜﾁｮｳ
014699,北海道,ﾎｯｶｲﾄﾞｳ,美深町,ﾋﾞﾌｶﾁｮｳ
014702,北海道,ﾎｯｶｲﾄﾞｳ,音威子府村,ｵﾄｲﾈｯﾌﾟﾑﾗ
014711,北海道,ﾎｯｶｲﾄﾞｳ,中川町,ﾅｶｶﾞﾜﾁｮｳ
014729,北海道,ﾎｯｶｲﾄﾞｳ,幌加内町,ﾎﾛｶﾅｲﾁｮｳ
014818,北海道,ﾎｯｶｲﾄﾞｳ,増毛町,ﾏｼｹﾁｮｳ
014826,北海道,ﾎｯｶｲﾄﾞｳ,小平町,ｵﾋﾞﾗﾁｮｳ
014834,北海道,ﾎｯｶｲﾄﾞｳ,苫前町,ﾄﾏﾏｴﾁｮｳ
014842,北海道,ﾎｯｶｲﾄﾞｳ,羽幌町,ﾊﾎﾞﾛﾁｮｳ
014851,北海道,ﾎｯｶｲﾄﾞｳ,初山別村,ｼｮｻﾝﾍﾞﾂﾑﾗ
014869,北海道,ﾎｯｶｲﾄﾞｳ,遠別町,ｴﾝﾍﾞﾂﾁｮｳ
014877,北海道,ﾎｯｶｲﾄﾞｳ,天塩町,ﾃｼｵﾁｮｳ
015113,北海道,ﾎｯｶｲﾄﾞｳ,猿払村,ｻﾙﾌﾂﾑﾗ
015121,北海道,ﾎｯｶｲﾄﾞｳ,浜頓別町,ﾊﾏﾄﾝﾍﾞﾂﾁｮｳ
015130,北海道,ﾎｯｶｲﾄﾞｳ,中頓別町,ﾅｶﾄﾝﾍﾞﾂﾁｮｳ
015148,北海道,ﾎｯｶｲﾄﾞｳ,枝幸町,ｴｻｼﾁｮｳ
015164,北海道,ﾎｯｶｲﾄﾞｳ,豊富町,ﾄﾖﾄﾐﾁｮｳ
015172,北海道,ﾎｯｶｲﾄﾞｳ,礼文町,ﾚﾌﾞﾝﾁｮｳ
015181,北海道,ﾎｯｶｲﾄﾞｳ,利尻町,ﾘｼﾘﾁｮｳ
015199,北海道,ﾎｯｶｲﾄﾞｳ,利尻富士町,ﾘｼﾘﾌｼﾞﾁｮｳ
015202,北海道,ﾎｯｶｲﾄﾞｳ,幌延町,ﾎﾛﾉﾍﾞﾁｮｳ
015431,北海道,ﾎｯｶｲﾄﾞｳ,美幌町,ﾋﾞﾎﾛﾁｮｳ
015440,北海道,ﾎｯｶｲﾄﾞｳ,津別町,ﾂﾍﾞﾂﾁｮｳ
015458,北海道,ﾎｯｶｲﾄﾞｳ,斜里町,ｼｬﾘﾁｮｳ
015466,北海道,ﾎｯｶｲﾄﾞｳ,清里町,ｷﾖｻﾄﾁｮｳ
015474,北海道,ﾎｯｶｲﾄﾞｳ,小清水町,ｺｼﾐｽﾞﾁｮｳ
015491,北海道,ﾎｯｶｲﾄﾞｳ,訓子府町,ｸﾝﾈｯﾌﾟﾁｮｳ
015504,北海道,ﾎｯｶｲﾄﾞｳ,置戸町,ｵｹﾄﾁｮｳ
015521,北海道,ﾎｯｶｲﾄﾞｳ,佐呂間町,ｻﾛﾏﾁｮｳ
015555,北海道,ﾎｯｶｲﾄﾞｳ,遠軽町,ｴﾝｶﾞﾙﾁｮｳ
015598,北海道,ﾎｯｶｲﾄﾞｳ,湧別町,ﾕｳﾍﾞﾂﾁｮｳ
015601,北海道,ﾎｯｶｲﾄﾞｳ,滝上町,ﾀｷﾉｳｴﾁｮｳ
015610,北海道,ﾎｯｶｲﾄﾞｳ,興部町,ｵｺｯﾍﾟﾁｮｳ
015628,北海道,ﾎｯｶｲﾄﾞｳ,西興部村,ﾆｼｵｺｯﾍﾟﾑﾗ
015636,北海道,ﾎｯｶｲﾄﾞｳ,雄武町,ｵｳﾑﾁｮｳ
015644,北海道,ﾎｯｶｲﾄﾞｳ,大空町,ｵｵｿﾞﾗﾁｮｳ
015717,北海道,ﾎｯｶｲﾄﾞｳ,豊浦町,ﾄﾖｳﾗﾁｮｳ
015750,北海道,ﾎｯｶｲﾄﾞｳ,壮瞥町,ｿｳﾍﾞﾂﾁｮｳ
015784,北海道,ﾎｯｶｲﾄﾞｳ,白老町,ｼﾗｵｲﾁｮｳ
015814,北海道,ﾎｯｶｲﾄﾞｳ,厚真町,ｱﾂﾏﾁｮｳ
015849,北海道,ﾎｯｶｲﾄﾞｳ,洞爺湖町,ﾄｳﾔｺﾁｮｳ
015857,北海道,ﾎｯｶｲﾄﾞｳ,安平町,ｱﾋﾞﾗﾁｮｳ
015865,北海道,ﾎｯｶｲﾄﾞｳ,むかわ町,ﾑｶﾜﾁｮｳ
016012,北海道,ﾎｯｶｲﾄﾞｳ,日高町,ﾋﾀﾞｶﾁｮｳ
016021,北海道,ﾎｯｶｲﾄﾞｳ,平取町,ﾋﾞﾗﾄﾘﾁｮｳ
016047,北海道,ﾎｯｶｲﾄﾞｳ,新冠町,ﾆｲｶｯﾌﾟﾁｮｳ
016071,北海道,ﾎｯｶｲﾄﾞｳ,浦河町,ｳﾗｶﾜﾁｮｳ
016080,北海道,ﾎｯｶｲﾄﾞｳ,様似町,ｻﾏﾆﾁｮｳ
016098,北海道,ﾎｯｶｲﾄﾞｳ,えりも町,ｴﾘﾓﾁｮｳ
016101,北海道,ﾎｯｶｲﾄﾞｳ,新ひだか町,ｼﾝﾋﾀﾞｶﾁｮｳ
016314,北海道,ﾎｯｶｲﾄﾞｳ,音更町,ｵﾄﾌｹﾁｮｳ
016322,北海道,ﾎｯｶｲﾄﾞｳ,士幌町,ｼﾎﾛﾁｮｳ
016331,北海道,ﾎｯｶｲﾄﾞｳ,上士幌町,ｶﾐｼﾎﾛﾁｮｳ
016349,北海道,ﾎｯｶｲﾄﾞｳ,鹿追町,ｼｶｵｲﾁｮｳ
016357,北海道,ﾎｯｶｲﾄﾞｳ,新得町,ｼﾝﾄｸﾁｮｳ
016365,北海道,ﾎｯｶｲﾄﾞｳ,清水町,ｼﾐｽﾞﾁｮｳ
016373,北海道,ﾎｯｶｲﾄﾞｳ,芽室町,ﾒﾑﾛﾁｮｳ
016381,北海道,ﾎｯｶｲﾄﾞｳ,中札内村,ﾅｶｻﾂﾅｲﾑﾗ
016390,北海道,ﾎｯｶｲﾄﾞｳ,更別村,ｻﾗﾍﾞﾂﾑﾗ
016411,北海道,ﾎｯｶｲﾄﾞｳ,大樹町,ﾀｲｷﾁｮｳ
016420,北海道,ﾎｯｶｲﾄﾞｳ,広尾町,ﾋﾛｵﾁｮｳ
016438,北海道,ﾎｯｶｲﾄﾞｳ,幕別町,ﾏｸﾍﾞﾂﾁｮｳ
016446,北海道,ﾎｯｶｲﾄﾞｳ,池田町,ｲｹﾀﾞﾁｮｳ
016454,北海道,ﾎｯｶｲﾄﾞｳ,豊頃町,ﾄﾖｺﾛﾁｮｳ
016462,北海道,ﾎｯｶｲﾄﾞｳ,本別町,ﾎﾝﾍﾞﾂﾁｮｳ
016471,北海道,ﾎｯｶｲﾄﾞｳ,足寄町,ｱｼｮﾛﾁｮｳ
016489,北海道,ﾎｯｶｲﾄﾞｳ,陸別町,ﾘｸﾍﾞﾂﾁｮｳ
016497,北海道,ﾎｯｶｲﾄﾞｳ,浦幌町,ｳﾗﾎﾛﾁｮｳ
016616,北海道,ﾎｯｶｲﾄﾞｳ,釧路町,ｸｼﾛﾁｮｳ
016624,北海道,ﾎｯｶｲﾄﾞｳ,厚岸町,ｱｯｹｼﾁｮｳ
016632,北海道,ﾎｯｶｲﾄﾞｳ,浜中町,ﾊﾏﾅｶﾁｮｳ
016641,北海道,ﾎｯｶｲﾄﾞｳ,標茶町,ｼﾍﾞﾁｬﾁｮｳ
016659,北海道,ﾎｯｶｲﾄﾞｳ,弟子屈町,ﾃｼｶｶﾞﾁｮｳ
016675,北海道,ﾎｯｶｲﾄﾞｳ,鶴居村,ﾂﾙｲﾑﾗ
016683,北海道,ﾎｯｶｲﾄﾞｳ,白糠町,ｼﾗﾇｶﾁｮｳ
016918,北海道,ﾎｯｶｲﾄﾞｳ,別海町,ﾍﾞﾂｶｲﾁｮｳ
016926,北海道,ﾎｯｶｲﾄﾞｳ,中標津町,ﾅｶｼﾍﾞﾂﾁｮｳ
016934,北海道,ﾎｯｶｲﾄﾞｳ,標津町,ｼﾍﾞﾂﾁｮｳ
016942,北海道,ﾎｯｶｲﾄﾞｳ,羅臼町,ﾗｳｽﾁｮｳ
016951,北海道,ﾎｯｶｲﾄﾞｳ,色丹村,ｼｺﾀﾝﾑﾗ
016969,北海道,ﾎｯｶｲﾄﾞｳ,泊村,ﾄﾏﾘﾑﾗ
016977,北海道,ﾎｯｶｲﾄﾞｳ,留夜別村,ﾙﾔﾍﾞﾂﾑﾗ
016985,北海道,ﾎｯｶｲﾄﾞｳ,留別村,ﾙﾍﾞﾂﾑﾗ
016993,北海道,ﾎｯｶｲﾄﾞｳ,紗那村,ｼｬﾅﾑﾗ
017001,北海道,ﾎｯｶｲﾄﾞｳ,蘂取村,ｼﾍﾞﾄﾛﾑﾗ
020001,青森県,ｱｵﾓﾘｹﾝ,,
022012,青森県,ｱｵﾓﾘｹﾝ,青森市,ｱｵﾓﾘｼ
022021,青森県,ｱｵﾓﾘｹﾝ,弘前市,ﾋﾛｻｷｼ
022039,青森県,ｱｵﾓﾘｹﾝ,八戸市,ﾊﾁﾉﾍｼ
022047,青森県,ｱｵﾓﾘｹﾝ,黒石市,ｸﾛｲｼｼ
022055,青森県,ｱｵﾓﾘｹﾝ,五所川原市,ｺﾞｼｮｶﾞﾜﾗｼ
022063,青森県,ｱｵﾓﾘｹﾝ,十和田市,ﾄﾜﾀﾞｼ
022071,青森県,ｱｵﾓﾘｹﾝ,三沢市,ﾐｻﾜｼ
022080,青森県,ｱｵﾓﾘｹﾝ,むつ市,ﾑﾂｼ
022098,青森県,ｱｵﾓﾘｹﾝ,つがる市,ﾂｶﾞﾙｼ
022101,青森県,ｱｵﾓﾘｹﾝ,平川市,ﾋﾗｶﾜｼ
023019,青森県,ｱｵﾓﾘｹﾝ,平内町,ﾋﾗﾅｲﾏﾁ
023035,青森県,ｱｵﾓﾘｹﾝ,今別町,ｲﾏﾍﾞﾂﾏﾁ
023043,青森県,ｱｵﾓﾘｹﾝ,蓬田村,ﾖﾓｷﾞﾀﾑﾗ
023078,青森県,ｱｵﾓﾘｹﾝ,外ヶ浜町,ｿﾄｶﾞﾊﾏﾏﾁ
023213,青森県,ｱｵﾓﾘｹﾝ,鰺ヶ沢町,ｱｼﾞｶﾞｻﾜﾏﾁ
023230,青森県,ｱｵﾓﾘｹﾝ,深浦町,ﾌｶｳﾗﾏﾁ
023434,青森県,ｱｵﾓﾘｹﾝ,西目屋村,ﾆｼﾒﾔﾑﾗ
023612,青森県,ｱｵﾓﾘｹﾝ,藤崎町,ﾌｼﾞｻｷﾏﾁ
023621,青森県,ｱｵﾓﾘｹﾝ,大鰐町,ｵｵﾜﾆﾏﾁ
023671,青森県,ｱｵﾓﾘｹﾝ,田舎館村,ｲﾅｶﾀﾞﾃﾑﾗ
023817,青森県,ｱｵﾓﾘｹﾝ,板柳町,ｲﾀﾔﾅｷﾞﾏﾁ
023841,青森県,ｱｵﾓﾘｹﾝ,鶴田町,ﾂﾙﾀﾏﾁ
023876,青森県,ｱｵﾓﾘｹﾝ,中泊町,ﾅｶﾄﾞﾏﾘﾏﾁ
024015,青森県,ｱｵﾓﾘｹﾝ,野辺地町,ﾉﾍｼﾞﾏﾁ
024023,青森県,ｱｵﾓﾘｹﾝ,七戸町,ｼﾁﾉﾍﾏﾁ
024058,青森県,ｱｵﾓﾘｹﾝ,六戸町,ﾛｸﾉﾍﾏﾁ
024066,青森県,ｱｵﾓﾘｹﾝ,横浜町,ﾖｺﾊﾏﾏﾁ
024082,青森県,ｱｵﾓﾘｹﾝ,東北町,ﾄｳﾎｸﾏﾁ
024112,青森県,ｱｵﾓﾘｹﾝ,六ヶ所村,ﾛｯｶｼｮﾑﾗ
024121,青森県,ｱｵﾓﾘｹﾝ,おいらせ町,ｵｲﾗｾﾁｮｳ
024236,青森県,ｱｵﾓﾘｹﾝ,大間町,ｵｵﾏﾏﾁ
024244,青森県,ｱｵﾓﾘｹﾝ,東通村,ﾋｶﾞｼﾄﾞｵﾘﾑﾗ
024252,青森県,ｱｵﾓﾘｹﾝ,風間浦村,ｶｻﾞﾏｳﾗﾑﾗ
024261,青森県,ｱｵﾓﾘｹﾝ,佐井村,ｻｲﾑﾗ
024414,青森県,ｱｵﾓﾘｹﾝ,三戸町,ｻﾝﾉﾍﾏﾁ
024422,青森県,ｱｵﾓﾘｹﾝ,五戸町,ｺﾞﾉﾍﾏﾁ
024431,青森県,ｱｵﾓﾘｹﾝ,田子町,ﾀｯｺﾏﾁ
024457,青森県,ｱｵﾓﾘｹﾝ,南部町,ﾅﾝﾌﾞﾁｮｳ
024465,青森県,ｱｵﾓﾘｹﾝ,階上町,ﾊｼｶﾐﾁｮｳ
024503,青森県,ｱｵﾓﾘｹﾝ,新郷村,ｼﾝｺﾞｳﾑﾗ
030007,岩手県,ｲﾜﾃｹﾝ,,
032018,岩手県,ｲﾜﾃｹﾝ,盛岡市,ﾓﾘｵｶｼ
032026,岩手県,ｲﾜﾃｹﾝ,宮古市,ﾐﾔｺｼ
032034,岩手県,ｲﾜﾃｹﾝ,大船渡市,ｵｵﾌﾅﾄｼ
032051,岩手県,ｲﾜﾃｹﾝ,花巻市,ﾊﾅﾏｷｼ
032069,岩手県,ｲﾜﾃｹﾝ,北上市,ｷﾀｶﾐｼ
032077,岩手県,ｲﾜﾃｹﾝ,久慈市,ｸｼﾞｼ
032085,岩手県,ｲﾜﾃｹﾝ,遠野市,ﾄｵﾉｼ
032093,岩手県,ｲﾜﾃｹﾝ,一関市,ｲﾁﾉｾｷｼ
032107,岩手県,ｲﾜﾃｹﾝ,陸前高田市,ﾘｸｾﾞﾝﾀｶﾀｼ
032115,岩手県,ｲﾜﾃｹﾝ,釜石市,ｶﾏｲｼｼ
032131,岩手県,ｲﾜﾃｹﾝ,二戸市,ﾆﾉﾍｼ
032140,岩手県,ｲﾜﾃｹﾝ,八幡平市,ﾊﾁﾏﾝﾀｲｼ
032158,岩手県,ｲﾜﾃｹﾝ,奥州市,ｵｳｼｭｳｼ
032166,岩手県,ｲﾜﾃｹﾝ,滝沢市,ﾀｷｻﾞﾜｼ
033014,岩手県,ｲﾜﾃｹﾝ,雫石町,ｼｽﾞｸｲｼﾁｮｳ
033022,岩手県,ｲﾜﾃｹﾝ,葛巻町,ｸｽﾞﾏｷﾏﾁ
033031,岩手県,ｲﾜﾃｹﾝ,岩手町,ｲﾜﾃﾏﾁ
033219,岩手県,ｲﾜﾃｹﾝ,紫波町,ｼﾜﾁｮｳ
033227,岩手県,ｲﾜﾃｹﾝ,矢巾町,ﾔﾊﾊﾞﾁｮｳ
033669,岩手県,ｲﾜﾃｹﾝ,西和賀町,ﾆｼﾜｶﾞﾏﾁ
033812,岩手県,ｲﾜﾃｹﾝ,金ケ崎町,ｶﾈｶﾞｻｷﾁｮｳ
034029,岩手県,ｲﾜﾃｹﾝ,平泉町,ﾋﾗｲｽﾞﾐﾁｮｳ
034410,岩手県,ｲﾜﾃｹﾝ,住田町,ｽﾐﾀﾁｮｳ
034614,岩手県,ｲﾜﾃｹﾝ,大槌町,ｵｵﾂﾁﾁｮｳ
034827,岩手県,ｲﾜﾃｹﾝ,山田町,ﾔﾏﾀﾞﾏﾁ
034835,岩手県,ｲﾜﾃｹﾝ,岩泉町,ｲﾜｲｽﾞﾐﾁｮｳ
034843,岩手県,ｲﾜﾃｹﾝ,田野畑村,ﾀﾉﾊﾀﾑﾗ
034851,岩手県,ｲﾜﾃｹﾝ,普代村,ﾌﾀﾞｲﾑﾗ
035017,岩手県,ｲﾜﾃｹﾝ,軽米町,ｶﾙﾏｲﾏﾁ
035033,岩手県,ｲﾜﾃｹﾝ,野田村,ﾉﾀﾞﾑﾗ
035068,岩手県,ｲﾜﾃｹﾝ,九戸村,ｸﾉﾍﾑﾗ
035076,岩手県,ｲﾜﾃｹﾝ,洋野町,ﾋﾛﾉﾁｮｳ
035246,岩手県,ｲﾜﾃｹﾝ,一戸町,ｲﾁﾉﾍﾏﾁ
040002,宮城県,ﾐﾔｷﾞｹﾝ,,
041009,宮城県,ﾐﾔｷﾞｹﾝ,仙台市,ｾﾝﾀﾞｲｼ
042021,宮城県,ﾐﾔｷﾞｹﾝ,石巻市,ｲｼﾉﾏｷｼ
042030,宮城県,ﾐﾔｷﾞｹﾝ,塩竈市,ｼｵｶﾞﾏｼ
042056,宮城県,ﾐﾔｷﾞｹﾝ,気仙沼市,ｹｾﾝﾇﾏｼ
042064,宮城県,ﾐﾔｷﾞｹﾝ,白石市,ｼﾛｲｼｼ
042072,宮城県,ﾐﾔｷﾞｹﾝ,名取市,ﾅﾄﾘｼ
042081,宮城県,ﾐﾔｷﾞｹﾝ,角田市,ｶｸﾀﾞｼ
042099,宮城県,ﾐﾔｷﾞｹﾝ,多賀城市,ﾀｶﾞｼﾞｮｳｼ
042111,宮城県,ﾐﾔｷﾞｹﾝ,岩沼市,ｲﾜﾇﾏｼ
042129,宮城県,ﾐﾔｷﾞｹﾝ,登米市,ﾄﾒｼ
042137,宮城県,ﾐﾔｷﾞｹﾝ,栗原市,ｸﾘﾊﾗｼ
042145,宮城県,ﾐﾔｷﾞｹﾝ,東松島市,ﾋｶﾞｼﾏﾂｼﾏｼ
042153,宮城県,ﾐﾔｷﾞｹﾝ,大崎市,ｵｵｻｷｼ
042161,宮城県,ﾐﾔｷﾞｹﾝ,富谷市,ﾄﾐﾔｼ
043010,宮城県,ﾐﾔｷﾞｹﾝ,蔵王町,ｻﾞｵｳﾏﾁ
043028,宮城県,ﾐﾔｷﾞｹﾝ,七ヶ宿町,ｼﾁｶｼｭｸﾏﾁ
043214,宮城県,ﾐﾔｷﾞｹﾝ,大河原町,ｵｵｶﾞﾜﾗﾏﾁ
043222,宮城県,ﾐﾔｷﾞｹﾝ,村田町,ﾑﾗﾀﾏﾁ
043231,宮城県,ﾐﾔｷﾞｹﾝ,柴田町,ｼﾊﾞﾀﾏﾁ
043249,宮城県,ﾐﾔｷﾞｹﾝ,川崎町,ｶﾜｻｷﾏﾁ
043419,宮城県,ﾐﾔｷﾞｹﾝ,丸森町,ﾏﾙﾓﾘﾏﾁ
043613,宮城県,ﾐﾔｷﾞｹﾝ,亘理町,ﾜﾀﾘﾁｮｳ
043621,宮城県,ﾐﾔｷﾞｹﾝ,山元町,ﾔﾏﾓﾄﾁｮｳ
044016,宮城県,ﾐﾔｷﾞｹﾝ,松島町,ﾏﾂｼﾏﾏﾁ
044041,宮城県,ﾐﾔｷﾞｹﾝ,七ヶ浜町,ｼﾁｶﾞﾊﾏﾏﾁ
044067,宮城県,ﾐﾔｷﾞｹﾝ,利府町,ﾘﾌﾁｮｳ
044211,宮城県,ﾐﾔｷﾞｹﾝ,大和町,ﾀｲﾜﾁｮｳ
044229,宮城県,ﾐﾔｷﾞｹﾝ,大郷町,ｵｵｻﾄﾁｮｳ
044245,宮城県,ﾐﾔｷﾞｹﾝ,大衡村,ｵｵﾋﾗﾑﾗ
044440,宮城県,ﾐﾔｷﾞｹﾝ,色麻町,ｼｶﾏﾁｮｳ
044458,宮城県,ﾐﾔｷﾞｹﾝ,加美町,ｶﾐﾏﾁ
045012,宮城県,ﾐﾔｷﾞｹﾝ,涌谷町,ﾜｸﾔﾁｮｳ
045055,宮城県,ﾐﾔｷﾞｹﾝ,美里町,ﾐｻﾄﾏﾁ
045811,宮城県,ﾐﾔｷﾞｹﾝ,女川町,ｵﾅｶﾞﾜﾁｮｳ
046060,宮城県,ﾐﾔｷﾞｹﾝ,南三陸町,ﾐﾅﾐｻﾝﾘｸﾁｮｳ
050008,秋田県,ｱｷﾀｹﾝ,,
052019,秋田県,ｱｷﾀｹﾝ,秋田市,ｱｷﾀｼ
052027,秋田県,ｱｷﾀｹﾝ,能代市,ﾉｼﾛｼ
052035,秋田県,ｱｷﾀｹﾝ,横手市,ﾖｺﾃｼ
052043,秋田県,ｱｷﾀｹﾝ,大館市,ｵｵﾀﾞﾃｼ
052060,秋田県,ｱｷﾀｹﾝ,男鹿市,ｵｶﾞｼ
052078,秋田県,ｱｷﾀｹﾝ,湯沢市,ﾕｻﾞﾜｼ
052094,秋田県,ｱｷﾀｹﾝ,鹿角市,ｶﾂﾞﾉｼ
052108,秋田県,ｱｷﾀｹﾝ,由利本荘市,ﾕﾘﾎﾝｼﾞｮｳｼ
052116,秋田県,ｱｷﾀｹﾝ,潟上市,ｶﾀｶﾞﾐｼ
052124,秋田県,ｱｷﾀｹﾝ,大仙市,ﾀﾞｲｾﾝｼ
052132,秋田県,ｱｷﾀｹﾝ,北秋田市,ｷﾀｱｷﾀｼ
052141,秋田県,ｱｷﾀｹﾝ,にかほ市,ﾆｶﾎｼ
052159,秋田県,ｱｷﾀｹﾝ,仙北市,ｾﾝﾎﾞｸｼ
053031,秋田県,ｱｷﾀｹﾝ,小坂町,ｺｻｶﾏﾁ
053279,秋田県,ｱｷﾀｹﾝ,上小阿仁村,ｶﾐｺｱﾆﾑﾗ
053465,秋田県,ｱｷﾀｹﾝ,藤里町,ﾌｼﾞｻﾄﾏﾁ
053481,秋田県,ｱｷﾀｹﾝ,三種町,ﾐﾀﾈﾁｮｳ
053490,秋田県,ｱｷﾀｹﾝ,八峰町,ﾊｯﾎﾟｳﾁｮｳ
053619,秋田県,ｱｷﾀｹﾝ,五城目町,ｺﾞｼﾞｮｳﾒﾏﾁ
053635,秋田県,ｱｷﾀｹﾝ,八郎潟町,ﾊﾁﾛｳｶﾞﾀﾏﾁ
053660,秋田県,ｱｷﾀｹﾝ,井川町,ｲｶﾜﾏﾁ
053686,秋田県,ｱｷﾀｹﾝ,大潟村,ｵｵｶﾞﾀﾑﾗ
054348,秋田県,ｱｷﾀｹﾝ,美郷町,ﾐｻﾄﾁｮｳ
054631,秋田県,ｱｷﾀｹﾝ,羽後町,ｳｺﾞﾏﾁ
054640,秋田県,ｱｷﾀｹﾝ,東成瀬村,ﾋｶﾞｼﾅﾙｾﾑﾗ
060003,山形県,ﾔﾏｶﾞﾀｹﾝ,,
062014,山形県,ﾔﾏｶﾞﾀｹﾝ,山形市,ﾔﾏｶﾞﾀｼ
062022,山形県,ﾔﾏｶﾞﾀｹﾝ,米沢市,ﾖﾈｻﾞﾜｼ
062031,山形県,ﾔﾏｶﾞﾀｹﾝ,鶴岡市,ﾂﾙｵｶｼ
062049,山形県,ﾔﾏｶﾞﾀｹﾝ,酒田市,ｻｶﾀｼ
062057,山形県,ﾔﾏｶﾞﾀｹﾝ,新庄市,ｼﾝｼﾞｮｳｼ
062065,山形県,ﾔﾏｶﾞﾀｹﾝ,寒河江市,ｻｶﾞｴｼ
062073,山形県,ﾔﾏｶﾞﾀｹﾝ,上山市,ｶﾐﾉﾔﾏｼ
062081,山形県,ﾔﾏｶﾞﾀｹﾝ,村山市,ﾑﾗﾔﾏｼ
062090,山形県,ﾔﾏｶﾞﾀｹﾝ,長井市,ﾅｶﾞｲｼ
062103,山形県,ﾔﾏｶﾞﾀｹﾝ,天童市,ﾃﾝﾄﾞｳｼ
062111,山形県,ﾔﾏｶﾞﾀｹﾝ,東根市,ﾋｶﾞｼﾈｼ
062120,山形県,ﾔﾏｶﾞﾀｹﾝ,尾花沢市,ｵﾊﾞﾅｻﾞﾜｼ
062138,山形県,ﾔﾏｶﾞﾀｹﾝ,南陽市,ﾅﾝﾖｳｼ
063011,山形県,ﾔﾏｶﾞﾀｹﾝ,山辺町,ﾔﾏﾉﾍﾞﾏﾁ
063029,山形県,ﾔﾏｶﾞﾀｹﾝ,中山町,ﾅｶﾔﾏﾏﾁ
063215,山形県,ﾔﾏｶﾞﾀｹﾝ,河北町,ｶﾎｸﾁｮｳ
063223,山形県,ﾔﾏｶﾞﾀｹﾝ,西川町,ﾆｼｶﾜﾏﾁ
063231,山形県,ﾔﾏｶﾞﾀｹﾝ,朝日町,ｱｻﾋﾏﾁ
063240,山形県,ﾔﾏｶﾞﾀｹﾝ,大江町,ｵｵｴﾏﾁ
063410,山形県,ﾔﾏｶﾞﾀｹﾝ,大石田町,ｵｵｲｼﾀﾞﾏﾁ
063614,山形県,ﾔﾏｶﾞﾀｹﾝ,金山町,ｶﾈﾔﾏﾏﾁ
063622,山形県,ﾔﾏｶﾞﾀｹﾝ,最上町,ﾓｶﾞﾐﾏﾁ
063631,山形県,ﾔﾏｶﾞﾀｹﾝ,舟形町,ﾌﾅｶﾞﾀﾏﾁ
063649,山形県,ﾔﾏｶﾞﾀｹﾝ,真室川町,ﾏﾑﾛｶﾞﾜﾏﾁ
063657,山形県,ﾔﾏｶﾞﾀｹﾝ,大蔵村,ｵｵｸﾗﾑﾗ
063665,山形県,ﾔﾏｶﾞﾀｹﾝ,鮭川村,ｻｹｶﾞﾜﾑﾗ
063673,山形県,ﾔﾏｶﾞﾀｹﾝ,戸沢村,ﾄｻﾞﾜﾑﾗ
063819,山形県,ﾔﾏｶﾞﾀｹﾝ,高畠町,ﾀｶﾊﾀﾏﾁ
063827,山形県,ﾔﾏｶﾞﾀｹﾝ,川西町,ｶﾜﾆｼﾏﾁ
064017,山形県,ﾔﾏｶﾞﾀｹﾝ,小国町,ｵｸﾞﾆﾏﾁ
064025,山形県,ﾔﾏｶﾞﾀｹﾝ,白鷹町,ｼﾗﾀｶﾏﾁ
064033,山形県,ﾔﾏｶﾞﾀｹﾝ,飯豊町,ｲｲﾃﾞﾏﾁ
064262,山形県,ﾔﾏｶﾞﾀｹﾝ,三川町,ﾐｶﾜﾏﾁ
064289,山形県,ﾔﾏｶﾞﾀｹﾝ,庄内町,ｼﾖｳﾅｲﾏﾁ
064611,山形県,ﾔﾏｶﾞﾀｹﾝ,遊佐町,ﾕｻﾞﾏﾁ
070009,福島県,ﾌｸｼﾏｹﾝ,,
072010,福島県,ﾌｸｼﾏｹﾝ,福島市,ﾌｸｼﾏｼ
072028,福島県,ﾌｸｼﾏｹﾝ,会津若松市,ｱｲﾂﾞﾜｶﾏﾂｼ
072036,福島県,ﾌｸｼﾏｹﾝ,郡山市,ｺｵﾘﾔﾏｼ
072044,福島県,ﾌｸｼﾏｹﾝ,いわき市,ｲﾜｷｼ
072052,福島県,ﾌｸｼﾏｹﾝ,白河市,ｼﾗｶﾜｼ
072079,福島県,ﾌｸｼﾏｹﾝ,須賀川市,ｽｶｶﾞﾜｼ
072087,福島県,ﾌｸｼﾏｹﾝ,喜多方市,ｷﾀｶﾀｼ
072095,福島県,ﾌｸｼﾏｹﾝ,相馬市,ｿｳﾏｼ
072109,福島県,ﾌｸｼﾏｹﾝ,二本松市,ﾆﾎﾝﾏﾂｼ
072117,福島県,ﾌｸｼﾏｹﾝ,田村市,ﾀﾑﾗｼ
072125,福島県,ﾌｸｼﾏｹﾝ,南相馬市,ﾐﾅﾐｿｳﾏｼ
072133,福島県,ﾌｸｼﾏｹﾝ,伊達市,ﾀﾞﾃｼ
072141,福島県,ﾌｸｼﾏｹﾝ,本宮市,ﾓﾄﾐﾔｼ
073016,福島県,ﾌｸｼﾏｹﾝ,桑折町,ｺｵﾘﾏﾁ
073032,福島県,ﾌｸｼﾏｹﾝ,国見町,ｸﾆﾐﾏﾁ
073083,福島県,ﾌｸｼﾏｹﾝ,川俣町,ｶﾜﾏﾀﾏﾁ
073229,福島県,ﾌｸｼﾏｹﾝ,大玉村,ｵｵﾀﾏﾑﾗ
073423,福島県,ﾌｸｼﾏｹﾝ,鏡石町,ｶｶﾞﾐｲｼﾏﾁ
073440,福島県,ﾌｸｼﾏｹﾝ,天栄村,ﾃﾝｴｲﾑﾗ
073628,福島県,ﾌｸｼﾏｹﾝ,下郷町,ｼﾓｺﾞｳﾏﾁ
073644,福島県,ﾌｸｼﾏｹﾝ,檜枝岐村,ﾋﾉｴﾏﾀﾑﾗ
073679,福島県,ﾌｸｼﾏｹﾝ,只見町,ﾀﾀﾞﾐﾏﾁ
073687,福島県,ﾌｸｼﾏｹﾝ,南会津町,ﾐﾅﾐｱｲﾂﾞﾏﾁ
074021,福島県,ﾌｸｼﾏｹﾝ,北塩原村,ｷﾀｼｵﾊﾞﾗﾑﾗ
074055,福島県,ﾌｸｼﾏｹﾝ,西会津町,ﾆｼｱｲﾂﾞﾏﾁ
074071,福島県,ﾌｸｼﾏｹﾝ,磐梯町,ﾊﾞﾝﾀﾞｲﾏﾁ
074080,福島県,ﾌｸｼﾏｹﾝ,猪苗代町,ｲﾅﾜｼﾛﾏﾁ
074217,福島県,ﾌｸｼﾏｹﾝ,会津坂下町,ｱｲﾂﾞﾊﾞﾝｹﾞﾏﾁ
074225,福島県,ﾌｸｼﾏｹﾝ,湯川村,ﾕｶﾞﾜﾑﾗ
074233,福島県,ﾌｸｼﾏｹﾝ,柳津町,ﾔﾅｲﾂﾞﾏﾁ
074446,福島県,ﾌｸｼﾏｹﾝ,三島町,ﾐｼﾏﾏﾁ
074454,福島県,ﾌｸｼﾏｹﾝ,金山町,ｶﾈﾔﾏﾏﾁ
074462,福島県,ﾌｸｼﾏｹﾝ,昭和村,ｼｮｳﾜﾑﾗ
074471,福島県,ﾌｸｼﾏｹﾝ,会津美里町,ｱｲﾂﾞﾐｻﾄﾏﾁ
074616,福島県,ﾌｸｼﾏｹﾝ,西郷村,ﾆｼｺﾞｳﾑﾗ
074641,福島県,ﾌｸｼﾏｹﾝ,泉崎村,ｲｽﾞﾐｻﾞｷﾑﾗ
074659,福島県,ﾌｸｼﾏｹﾝ,中島村,ﾅｶｼﾞﾏﾑﾗ
074667,福島県,ﾌｸｼﾏｹﾝ,矢吹町,ﾔﾌﾞｷﾏﾁ
074811,福島県,ﾌｸｼﾏｹﾝ,棚倉町,ﾀﾅｸﾞﾗﾏﾁ
074829,福島県,ﾌｸｼﾏｹﾝ,矢祭町,ﾔﾏﾂﾘﾏﾁ
074837,福島県,ﾌｸｼﾏｹﾝ,塙町,ﾊﾅﾜﾏﾁ
074845,福島県,ﾌｸｼﾏｹﾝ,鮫川村,ｻﾒｶﾞﾜﾑﾗ
075019,福島県,ﾌｸｼﾏｹﾝ,石川町,ｲｼｶﾜﾏﾁ
075027,福島県,ﾌｸｼﾏｹﾝ,玉川村,ﾀﾏｶﾜﾑﾗ
075035,福島県,ﾌｸｼﾏｹﾝ,平田村,ﾋﾗﾀﾑﾗ
075043,福島県,ﾌｸｼﾏｹﾝ,浅川町,ｱｻｶﾜﾏﾁ
075051,福島県,ﾌｸｼﾏｹﾝ,古殿町,ﾌﾙﾄﾞﾉﾏﾁ
075213,福島県,ﾌｸｼﾏｹﾝ,三春町,ﾐﾊﾙﾏﾁ
075221,福島県,ﾌｸｼﾏｹﾝ,小野町,ｵﾉﾏﾁ
075418,福島県,ﾌｸｼﾏｹﾝ,広野町,ﾋﾛﾉﾏﾁ
075426,福島県,ﾌｸｼﾏｹﾝ,楢葉町,ﾅﾗﾊﾏﾁ
075434,福島県,ﾌｸｼﾏｹﾝ,富岡町,ﾄﾐｵｶﾏﾁ
075442,福島県,ﾌｸｼﾏｹﾝ,川内村,ｶﾜｳﾁﾑﾗ
075451,福島県,ﾌｸｼﾏｹﾝ,大熊町,ｵｵｸﾏﾏﾁ
075469,福島県,ﾌｸｼﾏｹﾝ,双葉町,ﾌﾀﾊﾞﾏﾁ
075477,福島県,ﾌｸｼﾏｹﾝ,浪江町,ﾅﾐｴﾏﾁ
075485,福島県,ﾌｸｼﾏｹﾝ,葛尾村,ｶﾂﾗｵﾑﾗ
075612,福島県,ﾌｸｼﾏｹﾝ,新地町,ｼﾝﾁﾏﾁ
075647,福島県,ﾌｸｼﾏｹﾝ,飯舘村,ｲｲﾀﾃﾑﾗ
080004,茨城県,ｲﾊﾞﾗｷｹﾝ,,
082015,茨城県,ｲﾊﾞﾗｷｹﾝ,水戸市,ﾐﾄｼ
082023,茨城県,ｲﾊﾞﾗｷｹﾝ,日立市,ﾋﾀﾁｼ
082031,茨城県,ｲﾊﾞﾗｷｹﾝ,土浦市,ﾂﾁｳﾗｼ
082040,茨城県,ｲﾊﾞﾗｷｹﾝ,古河市,ｺｶﾞｼ
082058,茨城県,ｲﾊﾞﾗｷｹﾝ,石岡市,ｲｼｵｶｼ
082074,茨城県,ｲﾊﾞﾗｷｹﾝ,結城市,ﾕｳｷｼ
082082,茨城県,ｲﾊﾞﾗｷｹﾝ,龍ケ崎市,ﾘｭｳｶﾞｻｷｼ
082104,茨城県,ｲﾊﾞﾗｷｹﾝ,下妻市,ｼﾓﾂﾏｼ
082112,茨城県,ｲﾊﾞﾗｷｹﾝ,常総市,ｼﾞｮｳｿｳｼ
082121,茨城県,ｲﾊﾞﾗｷｹﾝ,常陸太田市,ﾋﾀﾁｵｵﾀｼ
082147,茨城県,ｲﾊﾞﾗｷｹﾝ,高萩市,ﾀｶﾊｷﾞｼ
082155,茨城県,ｲﾊﾞﾗｷｹﾝ,北茨城市,ｷﾀｲﾊﾞﾗｷｼ
082163,茨城県,ｲﾊﾞﾗｷｹﾝ,笠間市,ｶｻﾏｼ
082171,茨城県,ｲﾊﾞﾗｷｹﾝ,取手市,ﾄﾘﾃﾞｼ
082198,茨城県,ｲﾊﾞﾗｷｹﾝ,牛久市,ｳｼｸｼ
082201,茨城県,ｲﾊﾞﾗｷｹﾝ,つくば市,ﾂｸﾊﾞｼ
082210,茨城県,ｲﾊﾞﾗｷｹﾝ,ひたちなか市,ﾋﾀﾁﾅｶｼ
082228,茨城県,ｲﾊﾞﾗｷｹﾝ,鹿嶋市,ｶｼﾏｼ
082236,茨城県,ｲﾊﾞﾗｷｹﾝ,潮来市,ｲﾀｺｼ
082244,茨城県,ｲﾊﾞﾗｷｹﾝ,守谷市,ﾓﾘﾔｼ
082252,茨城県,ｲﾊﾞﾗｷｹﾝ,常陸大宮市,ﾋﾀﾁｵｵﾐﾔｼ
082261,茨城県,ｲﾊﾞﾗｷｹﾝ,那珂市,ﾅｶｼ
082279,茨城県,ｲﾊﾞﾗｷｹﾝ,筑西市,ﾁｸｾｲｼ
082287,茨城県,ｲﾊﾞﾗｷｹﾝ,坂東市,ﾊﾞﾝﾄﾞｳｼ
082295,茨城県,ｲﾊﾞﾗｷｹﾝ,稲敷市,ｲﾅｼｷｼ
082309,茨城県,ｲﾊﾞﾗｷｹﾝ,かすみがうら市,ｶｽﾐｶﾞｳﾗｼ
082317,茨城県,ｲﾊﾞﾗｷｹﾝ,桜川市,ｻｸﾗｶﾞﾜｼ
082325,茨城県,ｲﾊﾞﾗｷｹﾝ,神栖市,ｶﾐｽｼ
082333,茨城県,ｲﾊﾞﾗｷｹﾝ,行方市,ﾅﾒｶﾞﾀｼ
082341,茨城県,ｲﾊﾞﾗｷｹﾝ,鉾田市,ﾎｺﾀｼ
082350,茨城県,ｲﾊﾞﾗｷｹﾝ,つくばみらい市,ﾂｸﾊﾞﾐﾗｲｼ
082368,茨城県,ｲﾊﾞﾗｷｹﾝ,小美玉市,ｵﾐﾀﾏｼ
083020,茨城県,ｲﾊﾞﾗｷｹﾝ,茨城町,ｲﾊﾞﾗｷﾏﾁ
083097,茨城県,ｲﾊﾞﾗｷｹﾝ,大洗町,ｵｵｱﾗｲﾏﾁ
083101,茨城県,ｲﾊﾞﾗｷｹﾝ,城里町,ｼﾛｻﾄﾏﾁ
083411,茨城県,ｲﾊﾞﾗｷｹﾝ,東海村,ﾄｳｶｲﾑﾗ
083640,茨城県,ｲﾊﾞﾗｷｹﾝ,大子町,ﾀﾞｲｺﾞﾏﾁ
084425,茨城県,ｲﾊﾞﾗｷｹﾝ,美浦村,ﾐﾎﾑﾗ
084433,茨城県,ｲﾊﾞﾗｷｹﾝ,阿見町,ｱﾐﾏﾁ
084476,茨城県,ｲﾊﾞﾗｷｹﾝ,河内町,ｶﾜﾁﾏﾁ
085219,茨城県,ｲﾊﾞﾗｷｹﾝ,八千代町,ﾔﾁﾖﾏﾁ
085421,茨城県,ｲﾊﾞﾗｷｹﾝ,五霞町,ｺﾞｶﾏﾁ
085464,茨城県,ｲﾊﾞﾗｷｹﾝ,境町,ｻｶｲﾏﾁ
085642,茨城県,ｲﾊﾞﾗｷｹﾝ,利根町,ﾄﾈﾏﾁ
090000,栃木県,ﾄﾁｷﾞｹﾝ,,
092011,栃木県,ﾄﾁｷﾞｹﾝ,宇都宮市,ｳﾂﾉﾐﾔｼ
092029,栃木県,ﾄﾁｷﾞｹﾝ,足利市,ｱｼｶｶﾞｼ
092037,栃木県,ﾄﾁｷﾞｹﾝ,栃木市,ﾄﾁｷﾞｼ
092045,栃木県,ﾄﾁｷﾞｹﾝ,佐野市,ｻﾉｼ
092053,栃木県,ﾄﾁｷﾞｹﾝ,鹿沼市,ｶﾇﾏｼ
092061,栃木県,ﾄﾁｷﾞｹﾝ,日光市,ﾆｯｺｳｼ
092088,栃木県,ﾄﾁｷﾞｹﾝ,小山市,ｵﾔﾏｼ
092096,栃木県,ﾄﾁｷﾞｹﾝ,真岡市,ﾓｵｶｼ
092100,栃木県,ﾄﾁｷﾞｹﾝ,大田原市,ｵｵﾀﾜﾗｼ
092118,栃木県,ﾄﾁｷﾞｹﾝ,矢板市,ﾔｲﾀｼ
092134,栃木県,ﾄﾁｷﾞｹﾝ,那須塩原市,ﾅｽｼｵﾊﾞﾗｼ
092142,栃木県,ﾄﾁｷﾞｹﾝ,さくら市,ｻｸﾗｼ
092151,栃木県,ﾄﾁｷﾞｹﾝ,那須烏山市,ﾅｽｶﾗｽﾔﾏｼ
092169,栃木県,ﾄﾁｷﾞｹﾝ,下野市,ｼﾓﾂｹｼ
093017,栃木県,ﾄﾁｷﾞｹﾝ,上三川町,ｶﾐﾉｶﾜﾏﾁ
093424,栃木県,ﾄﾁｷﾞｹﾝ,益子町,ﾏｼｺﾏﾁ
093432,栃木県,ﾄﾁｷﾞｹﾝ,茂木町,ﾓﾃｷﾞﾏﾁ
093441,栃木県,ﾄﾁｷﾞｹﾝ,市貝町,ｲﾁｶｲﾏﾁ
093459,栃木県,ﾄﾁｷﾞｹﾝ,芳賀町,ﾊｶﾞﾏﾁ
093611,栃木県,ﾄﾁｷﾞｹﾝ,壬生町,ﾐﾌﾞﾏﾁ
093645,栃木県,ﾄﾁｷﾞｹﾝ,野木町,ﾉｷﾞﾏﾁ
093840,栃木県,ﾄﾁｷﾞｹﾝ,塩谷町,ｼｵﾔﾏﾁ
093866,栃木県,ﾄﾁｷﾞｹﾝ,高根沢町,ﾀｶﾈｻﾞﾜﾏﾁ
094072,栃木県,ﾄﾁｷﾞｹﾝ,那須町,ﾅｽﾏﾁ
094111,栃木県,ﾄﾁｷﾞｹﾝ,那珂川町,ﾅｶｶﾞﾜﾏﾁ
100005,群馬県,ｸﾞﾝﾏｹﾝ,,
102016,群馬県,ｸﾞﾝﾏｹﾝ,前橋市,ﾏｴﾊﾞｼｼ
102024,群馬県,ｸﾞﾝﾏｹﾝ,高崎市,ﾀｶｻｷｼ
102032,群馬県,ｸﾞﾝﾏｹﾝ,桐生市,ｷﾘｭｳｼ
102041,群馬県,ｸﾞﾝﾏｹﾝ,伊勢崎市,ｲｾｻｷｼ
102059,群馬県,ｸﾞﾝﾏｹﾝ,太田市,ｵｵﾀｼ
102067,群馬県,ｸﾞﾝﾏｹﾝ,沼田市,ﾇﾏﾀｼ
102075,群馬県,ｸﾞﾝﾏｹﾝ,館林市,ﾀﾃﾊﾞﾔｼｼ
102083,群馬県,ｸﾞﾝﾏｹﾝ,渋川市,ｼﾌﾞｶﾜｼ
102091,群馬県,ｸﾞﾝﾏｹﾝ,藤岡市,ﾌｼﾞｵｶｼ
102105,群馬県,ｸﾞﾝﾏｹﾝ,富岡市,ﾄﾐｵｶｼ
102113,群馬県,ｸﾞﾝﾏｹﾝ,安中市,ｱﾝﾅｶｼ
102121,群馬県,ｸﾞﾝﾏｹﾝ,みどり市,ﾐﾄﾞﾘｼ
103446,群馬県,ｸﾞﾝﾏｹﾝ,榛東村,ｼﾝﾄｳﾑﾗ
103454,群馬県,ｸﾞﾝﾏｹﾝ,吉岡町,ﾖｼｵｶﾏﾁ
103667,群馬県,ｸﾞﾝﾏｹﾝ,上野村,ｳｴﾉﾑﾗ
103675,群馬県,ｸﾞﾝﾏｹﾝ,神流町,ｶﾝﾅﾏﾁ
103829,群馬県,ｸﾞﾝﾏｹﾝ,下仁田町,ｼﾓﾆﾀﾏﾁ
103837,群馬県,ｸﾞﾝﾏｹﾝ,南牧村,ﾅﾝﾓｸﾑﾗ
103845,群馬県,ｸﾞﾝﾏｹﾝ,甘楽町,ｶﾝﾗﾏﾁ
104213,群馬県,ｸﾞﾝﾏｹﾝ,中之条町,ﾅｶﾉｼﾞﾖｳﾏﾁ
104248,群馬県,ｸﾞﾝﾏｹﾝ,長野原町,ﾅｶﾞﾉﾊﾗﾏﾁ
104256,群馬県,ｸﾞﾝﾏｹﾝ,嬬恋村,ﾂﾏｺﾞｲﾑﾗ
104264,群馬県,ｸﾞﾝﾏｹﾝ,草津町,ｸｻﾂﾏﾁ
104281,群馬県,ｸﾞﾝﾏｹﾝ,高山村,ﾀｶﾔﾏﾑﾗ
104299,群馬県,ｸﾞﾝﾏｹﾝ,東吾妻町,ﾋｶﾞｼｱｶﾞﾂﾏﾏﾁ
104434,群馬県,ｸﾞﾝﾏｹﾝ,片品村,ｶﾀｼﾅﾑﾗ
104442,群馬県,ｸﾞﾝﾏｹﾝ,川場村,ｶﾜﾊﾞﾑﾗ
104485,群馬県,ｸﾞﾝﾏｹﾝ,昭和村,ｼｮｳﾜﾑﾗ
104493,群馬県,ｸﾞﾝﾏｹﾝ,みなかみ町,ﾐﾅｶﾐﾏﾁ
104647,群馬県,ｸﾞﾝﾏｹﾝ,玉村町,ﾀﾏﾑﾗﾏﾁ
105210,群馬県,ｸﾞﾝﾏｹﾝ,板倉町,ｲﾀｸﾗﾏﾁ
105228,群馬県,ｸﾞﾝﾏｹﾝ,明和町,ﾒｲﾜﾏﾁ
105236,群馬県,ｸﾞﾝﾏｹﾝ,千代田町,ﾁﾖﾀﾞﾏﾁ
105244,群馬県,ｸﾞﾝﾏｹﾝ,大泉町,ｵｵｲｽﾞﾐﾏﾁ
105252,群馬県,ｸﾞﾝﾏｹﾝ,邑楽町,ｵｳﾗﾏﾁ
110001,埼玉県,ｻｲﾀﾏｹﾝ,,
111007,埼玉県,ｻｲﾀﾏｹﾝ,さいたま市,ｻｲﾀﾏｼ
112011,埼玉県,ｻｲﾀﾏｹﾝ,川越市,ｶﾜｺﾞｴｼ
112020,埼玉県,ｻｲﾀﾏｹﾝ,熊谷市,ｸﾏｶﾞﾔｼ
112038,埼玉県,ｻｲﾀﾏｹﾝ,川口市,ｶﾜｸﾞﾁｼ
112062,埼玉県,ｻｲﾀﾏｹﾝ,行田市,ｷﾞﾖｳﾀﾞｼ
112071,埼玉県,ｻｲﾀﾏｹﾝ,秩父市,ﾁﾁﾌﾞｼ
112089,埼玉県,ｻｲﾀﾏｹﾝ,所沢市,ﾄｺﾛｻﾞﾜｼ
112097,埼玉県,ｻｲﾀﾏｹﾝ,飯能市,ﾊﾝﾉｳｼ
112101,埼玉県,ｻｲﾀﾏｹﾝ,加須市,ｶｿﾞｼ
112119,埼玉県,ｻｲﾀﾏｹﾝ,本庄市,ﾎﾝｼﾞﾖｳｼ
112127,埼玉県,ｻｲﾀﾏｹﾝ,東松山市,ﾋｶﾞｼﾏﾂﾔﾏｼ
112143,埼玉県,ｻｲﾀﾏｹﾝ,春日部市,ｶｽｶﾍﾞｼ
112151,埼玉県,ｻｲﾀﾏｹﾝ,狭山市,ｻﾔﾏｼ
112160,埼玉県,ｻｲﾀﾏｹﾝ,羽生市,ﾊﾆﾕｳｼ
112178,埼玉県,ｻｲﾀﾏｹﾝ,鴻巣市,ｺｳﾉｽｼ
112186,埼玉県,ｻｲﾀﾏｹﾝ,深谷市,ﾌｶﾔｼ
112194,埼玉県,ｻｲﾀﾏｹﾝ,上尾市,ｱｹﾞｵｼ
112216,埼玉県,ｻｲﾀﾏｹﾝ,草加市,ｿｳｶｼ
112224,埼玉県,ｻｲﾀﾏｹﾝ,越谷市,ｺｼｶﾞﾔｼ
112232,埼玉県,ｻｲﾀﾏｹﾝ,蕨市,ﾜﾗﾋﾞｼ
112241,埼玉県,ｻｲﾀﾏｹﾝ,戸田市,ﾄﾀﾞｼ
112259,埼玉県,ｻｲﾀﾏｹﾝ,入間市,ｲﾙﾏｼ
112275,埼玉県,ｻｲﾀﾏｹﾝ,朝霞市,ｱｻｶｼ
112283,埼玉県,ｻｲﾀﾏｹﾝ,志木市,ｼｷｼ
112291,埼玉県,ｻｲﾀﾏｹﾝ,和光市,ﾜｺｳｼ
112305,埼玉県,ｻｲﾀﾏｹﾝ,新座市,ﾆｲｻﾞｼ
112313,埼玉県,ｻｲﾀﾏｹﾝ,桶川市,ｵｹｶﾞﾜｼ
112321,埼玉県,ｻｲﾀﾏｹﾝ,久喜市,ｸｷｼ
112330,埼玉県,ｻｲﾀﾏｹﾝ,北本市,ｷﾀﾓﾄｼ
112348,埼玉県,ｻｲﾀﾏｹﾝ,八潮市,ﾔｼｵｼ
112356,埼玉県,ｻｲﾀﾏｹﾝ,富士見市,ﾌｼﾞﾐｼ
112372,埼玉県,ｻｲﾀﾏｹﾝ,三郷市,ﾐｻﾄｼ
112381,埼玉県,ｻｲﾀﾏｹﾝ,蓮田市,ﾊｽﾀﾞｼ
112399,埼玉県,ｻｲﾀﾏｹﾝ,坂戸市,ｻｶﾄﾞｼ
112402,埼玉県,ｻｲﾀﾏｹﾝ,幸手市,ｻｯﾃｼ
112411,埼玉県,ｻｲﾀﾏｹﾝ,鶴ヶ島市,ﾂﾙｶﾞｼﾏｼ
112429,埼玉県,ｻｲﾀﾏｹﾝ,日高市,ﾋﾀﾞｶｼ
112437,埼玉県,ｻｲﾀﾏｹﾝ,吉川市,ﾖｼｶﾜｼ
112453,埼玉県,ｻｲﾀﾏｹﾝ,ふじみ野市,ﾌｼﾞﾐﾉｼ
112461,埼玉県,ｻｲﾀﾏｹﾝ,白岡市,ｼﾗｵｶｼ
113018,埼玉県,ｻｲﾀﾏｹﾝ,伊奈町,ｲﾅﾏﾁ
113247,埼玉県,ｻｲﾀﾏｹﾝ,三芳町,ﾐﾖｼﾏﾁ
113263,埼玉県,ｻｲﾀﾏｹﾝ,毛呂山町,ﾓﾛﾔﾏﾏﾁ
113271,埼玉県,ｻｲﾀﾏｹﾝ,越生町,ｵｺﾞｾﾏﾁ
113417,埼玉県,ｻｲﾀﾏｹﾝ,滑川町,ﾅﾒｶﾞﾜﾏﾁ
113425,埼玉県,ｻｲﾀﾏｹﾝ,嵐山町,ﾗﾝｻﾞﾝﾏﾁ
113433,埼玉県,ｻｲﾀﾏｹﾝ,小川町,ｵｶﾞﾜﾏﾁ
113468,埼玉県,ｻｲﾀﾏｹﾝ,川島町,ｶﾜｼﾞﾏﾏﾁ
113476,埼玉県,ｻｲﾀﾏｹﾝ,吉見町,ﾖｼﾐﾏﾁ
113484,埼玉県,ｻｲﾀﾏｹﾝ,鳩山町,ﾊﾄﾔﾏﾏﾁ
113492,埼玉県,ｻｲﾀﾏｹﾝ,ときがわ町,ﾄｷｶﾞﾜﾏﾁ
113611,埼玉県,ｻｲﾀﾏｹﾝ,横瀬町,ﾖｺｾﾞﾏﾁ
113620,埼玉県,ｻｲﾀﾏｹﾝ,皆野町,ﾐﾅﾉﾏﾁ
113638,埼玉県,ｻｲﾀﾏｹﾝ,長瀞町,ﾅｶﾞﾄﾛﾏﾁ
113654,埼玉県,ｻｲﾀﾏｹﾝ,小鹿野町,ｵｶﾞﾉﾏﾁ
113697,埼玉県,ｻｲﾀﾏｹﾝ,東秩父村,ﾋｶﾞｼﾁﾁﾌﾞﾑﾗ
113816,埼玉県,ｻｲﾀﾏｹﾝ,美里町,ﾐｻﾄﾏﾁ
113832,埼玉県,ｻｲﾀﾏｹﾝ,神川町,ｶﾐｶﾜﾏﾁ
113859,埼玉県,ｻｲﾀﾏｹﾝ,上里町,ｶﾐｻﾄﾏﾁ
114081,埼玉県,ｻｲﾀﾏｹﾝ,寄居町,ﾖﾘｲﾏﾁ
114421,埼玉県,ｻｲﾀﾏｹﾝ,宮代町,ﾐﾔｼﾛﾏﾁ
114642,埼玉県,ｻｲﾀﾏｹﾝ,杉戸町,ｽｷﾞﾄﾏﾁ
114651,埼玉県,ｻｲﾀﾏｹﾝ,松伏町,ﾏﾂﾌﾞｼﾏﾁ
120006,千葉県,ﾁﾊﾞｹﾝ,,
121002,千葉県,ﾁﾊﾞｹﾝ,千葉市,ﾁﾊﾞｼ
122025,千葉県,ﾁﾊﾞｹﾝ,銚子市,ﾁｮｳｼｼ
122033,千葉県,ﾁﾊﾞｹﾝ,市川市,ｲﾁｶﾜｼ
122041,千葉県,ﾁﾊﾞｹﾝ,船橋市,ﾌﾅﾊﾞｼｼ
122050,千葉県,ﾁﾊﾞｹﾝ,館山市,ﾀﾃﾔﾏｼ
122068,千葉県,ﾁﾊﾞｹﾝ,木更津市,ｷｻﾗﾂﾞｼ
122076,千葉県,ﾁﾊﾞｹﾝ,松戸市,ﾏﾂﾄﾞｼ
122084,千葉県,ﾁﾊﾞｹﾝ,野田市,ﾉﾀﾞｼ
122106,千葉県,ﾁﾊﾞｹﾝ,茂原市,ﾓﾊﾞﾗｼ
122114,千葉県,ﾁﾊﾞｹﾝ,成田市,ﾅﾘﾀｼ
122122,千葉県,ﾁﾊﾞｹﾝ,佐倉市,ｻｸﾗｼ
122131,千葉県,ﾁﾊﾞｹﾝ,東金市,ﾄｳｶﾞﾈｼ
122157,千葉県,ﾁﾊﾞｹﾝ,旭市,ｱｻﾋｼ
122165,千葉県,ﾁﾊﾞｹﾝ,習志野市,ﾅﾗｼﾉｼ
122173,千葉県,ﾁﾊﾞｹﾝ,柏市,ｶｼﾜｼ
122181,千葉県,ﾁﾊﾞｹﾝ,勝浦市,ｶﾂｳﾗｼ
122190,千葉県,ﾁﾊﾞｹﾝ,市原市,ｲﾁﾊﾗｼ
122203,千葉県,ﾁﾊﾞｹﾝ,流山市,ﾅｶﾞﾚﾔﾏｼ
122211,千葉県,ﾁﾊﾞｹﾝ,八千代市,ﾔﾁﾖｼ
122220,千葉県,ﾁﾊﾞｹﾝ,我孫子市,ｱﾋﾞｺｼ
122238,千葉県,ﾁﾊﾞｹﾝ,鴨川市,ｶﾓｶﾞﾜｼ
122246,千葉県,ﾁﾊﾞｹﾝ,鎌ケ谷市,ｶﾏｶﾞﾔｼ
122254,千葉県,ﾁﾊﾞｹﾝ,君津市,ｷﾐﾂｼ
122262,千葉県,ﾁﾊﾞｹﾝ,富津市,ﾌｯﾂｼ
122271,千葉県,ﾁﾊﾞｹﾝ,浦安市,ｳﾗﾔｽｼ
122289,千葉県,ﾁﾊﾞｹﾝ,四街道市,ﾖﾂｶｲﾄﾞｳｼ
122297,千葉県,ﾁﾊﾞｹﾝ,袖ケ浦市,ｿﾃﾞｶﾞｳﾗｼ
122301,千葉県,ﾁﾊﾞｹﾝ,八街市,ﾔﾁﾏﾀｼ
122319,千葉県,ﾁﾊﾞｹﾝ,印西市,ｲﾝｻﾞｲｼ
122327,千葉県,ﾁﾊﾞｹﾝ,白井市,ｼﾛｲｼ
122335,千葉県,ﾁﾊﾞｹﾝ,富里市,ﾄﾐｻﾄｼ
122343,千葉県,ﾁﾊﾞｹﾝ,南房総市,ﾐﾅﾐﾎﾞｳｿｳｼ
122351,千葉県,ﾁﾊﾞｹﾝ,匝瑳市,ｿｳｻｼ
122360,千葉県,ﾁﾊﾞｹﾝ,香取市,ｶﾄﾘｼ
122378,千葉県,ﾁﾊﾞｹﾝ,山武市,ｻﾝﾑｼ
122386,千葉県,ﾁﾊﾞｹﾝ,いすみ市,ｲｽﾐｼ
122394,千葉県,ﾁﾊﾞｹﾝ,大網白里市,ｵｵｱﾐｼﾗｻﾄｼ
123226,千葉県,ﾁﾊﾞｹﾝ,酒々井町,ｼｽｲﾏﾁ
123293,千葉県,ﾁﾊﾞｹﾝ,栄町,ｻｶｴﾏﾁ
123421,千葉県,ﾁﾊﾞｹﾝ,神崎町,ｺｳｻﾞｷﾏﾁ
123471,千葉県,ﾁﾊﾞｹﾝ,多古町,ﾀｺﾏﾁ
123498,千葉県,ﾁﾊﾞｹﾝ,東庄町,ﾄｳﾉｼｮｳﾏﾁ
124036,千葉県,ﾁﾊﾞｹﾝ,九十九里町,ｸｼﾞﾕｳｸﾘﾏﾁ
124095,千葉県,ﾁﾊﾞｹﾝ,芝山町,ｼﾊﾞﾔﾏﾏﾁ
124109,千葉県,ﾁﾊﾞｹﾝ,横芝光町,ﾖｺｼﾊﾞﾋｶﾘﾏﾁ
124214,千葉県,ﾁﾊﾞｹﾝ,一宮町,ｲﾁﾉﾐﾔﾏﾁ
124222,千葉県,ﾁﾊﾞｹﾝ,睦沢町,ﾑﾂｻﾞﾜﾏﾁ
124231,千葉県,ﾁﾊﾞｹﾝ,長生村,ﾁｮｳｾｲﾑﾗ
124249,千葉県,ﾁﾊﾞｹﾝ,白子町,ｼﾗｺﾏﾁ
124265,千葉県,ﾁﾊﾞｹﾝ,長柄町,ﾅｶﾞﾗﾏﾁ
124273,千葉県,ﾁﾊﾞｹﾝ,長南町,ﾁｮｳﾅﾝﾏﾁ
124419,千葉県,ﾁﾊﾞｹﾝ,大多喜町,ｵｵﾀｷﾏﾁ
124435,千葉県,ﾁﾊﾞｹﾝ,御宿町,ｵﾝｼﾞﾕｸﾏﾁ
124630,千葉県,ﾁﾊﾞｹﾝ,鋸南町,ｷﾖﾅﾝﾏﾁ
130001,東京都,ﾄｳｷｮｳﾄ,,
131016,東京都,ﾄｳｷｮｳﾄ,千代田区,ﾁﾖﾀﾞｸ
131024,東京都,ﾄｳｷｮｳﾄ,中央区,ﾁｭｳｵｳｸ
131032,東京都,ﾄｳｷｮｳﾄ,港区,ﾐﾅﾄｸ
131041,東京都,ﾄｳｷｮｳﾄ,新宿区,ｼﾝｼﾞｭｸｸ
131059,東京都,ﾄｳｷｮｳﾄ,文京区,ﾌﾞﾝｷｮｳｸ
131067,東京都,ﾄｳｷｮｳﾄ,台東区,ﾀｲﾄｳｸ
131075,東京都,ﾄｳｷｮｳﾄ,墨田区,ｽﾐﾀﾞｸ
131083,東京都,ﾄｳｷｮｳﾄ,江東区,ｺｳﾄｳｸ
131091,東京都,ﾄｳｷｮｳﾄ,品川区,ｼﾅｶﾞﾜｸ
131105,東京都,ﾄｳｷｮｳﾄ,目黒区,ﾒｸﾞﾛｸ
131113,東京都,ﾄｳｷｮｳﾄ,大田区,ｵｵﾀｸ
131121,東京都,ﾄｳｷｮｳﾄ,世田谷区,ｾﾀｶﾞﾔｸ
131130,東京都,ﾄｳｷｮｳﾄ,渋谷区,ｼﾌﾞﾔｸ
131148,東京都,ﾄｳｷｮｳﾄ,中野区,ﾅｶﾉｸ
131156,東京都,ﾄｳｷｮｳﾄ,杉並区,ｽｷﾞﾅﾐｸ
131164,東京都,ﾄｳｷｮｳﾄ,豊島区,ﾄｼﾏｸ
131172,東京都,ﾄｳｷｮｳﾄ,北区,ｷﾀｸ
131181,東京都,ﾄｳｷｮｳﾄ,荒川区,ｱﾗｶﾜｸ
131199,東京都,ﾄｳｷｮｳﾄ,板橋区,ｲﾀﾊﾞｼｸ
131202,東京都,ﾄｳｷｮｳﾄ,練馬区,ﾈﾘﾏｸ
131211,東京都,ﾄｳｷｮｳﾄ,足立区,ｱﾀﾞﾁｸ
131229,東京都,ﾄｳｷｮｳﾄ,葛飾区,ｶﾂｼｶｸ
131237,東京都,ﾄｳｷｮｳﾄ,江戸川区,ｴﾄﾞｶﾞﾜｸ
132012,東京都,ﾄｳｷｮｳﾄ,八王子市,ﾊﾁｵｳｼﾞｼ
132021,東京都,ﾄｳｷｮｳﾄ,立川市,ﾀﾁｶﾜｼ
132039,東京都,ﾄｳｷｮｳﾄ,武蔵野市,ﾑｻｼﾉｼ
132047,東京都,ﾄｳｷｮｳﾄ,三鷹市,ﾐﾀｶｼ
132055,東京都,ﾄｳｷｮｳﾄ,青梅市,ｵｳﾒｼ
132063,東京都,ﾄｳｷｮｳﾄ,府中市,ﾌﾁｭｳｼ
132071,東京都,ﾄｳｷｮｳﾄ,昭島市,ｱｷｼﾏｼ
132080,東京都,ﾄｳｷｮｳﾄ,調布市,ﾁｮｳﾌｼ
132098,東京都,ﾄｳｷｮｳﾄ,町田市,ﾏﾁﾀﾞｼ
132101,東京都,ﾄｳｷｮｳﾄ,小金井市,ｺｶﾞﾈｲｼ
132110,東京都,ﾄｳｷｮｳﾄ,小平市,ｺﾀﾞｲﾗｼ
132128,東京都,ﾄｳｷｮｳﾄ,日野市,ﾋﾉｼ
132136,東京都,ﾄｳｷｮｳﾄ,東村山市,ﾋｶﾞｼﾑﾗﾔﾏｼ
132144,東京都,ﾄｳｷｮｳﾄ,国分寺市,ｺｸﾌﾞﾝｼﾞｼ
132152,東京都,ﾄｳｷｮｳﾄ,国立市,ｸﾆﾀﾁｼ
132187,東京都,ﾄｳｷｮｳﾄ,福生市,ﾌｯｻｼ
132195,東京都,ﾄｳｷｮｳﾄ,狛江市,ｺﾏｴｼ
132209,東京都,ﾄｳｷｮｳﾄ,東大和市,ﾋｶﾞｼﾔﾏﾄｼ
132217,東京都,ﾄｳｷｮｳﾄ,清瀬市,ｷﾖｾｼ
132225,東京都,ﾄｳｷｮｳﾄ,東久留米市,ﾋｶﾞｼｸﾙﾒｼ
132233,東京都,ﾄｳｷｮｳﾄ,武蔵村山市,ﾑｻｼﾑﾗﾔﾏｼ
132241,東京都,ﾄｳｷｮｳﾄ,多摩市,ﾀﾏｼ
132250,東京都,ﾄｳｷｮｳﾄ,稲城市,ｲﾅｷﾞｼ
132276,東京都,ﾄｳｷｮｳﾄ,羽村市,ﾊﾑﾗｼ
132284,東京都,ﾄｳｷｮｳﾄ,あきる野市,ｱｷﾙﾉｼ
132292,東京都,ﾄｳｷｮｳﾄ,西東京市,ﾆｼﾄｳｷｮｳｼ
133035,東京都,ﾄｳｷｮｳﾄ,瑞穂町,ﾐｽﾞﾎﾏﾁ
133051,東京都,ﾄｳｷｮｳﾄ,日の出町,ﾋﾉﾃﾞﾏﾁ
133078,東京都,ﾄｳｷｮｳﾄ,檜原村,ﾋﾉﾊﾗﾑﾗ
133086,東京都,ﾄｳｷｮｳﾄ,奥多摩町,ｵｸﾀﾏﾏﾁ
133612,東京都,ﾄｳｷｮｳﾄ,大島町,ｵｵｼﾏﾏﾁ
133621,東京都,ﾄｳｷｮｳﾄ,利島村,ﾄｼﾏﾑﾗ
133639,東京都,ﾄｳｷｮｳﾄ,新島村,ﾆｲｼﾞﾏﾑﾗ
133647,東京都,ﾄｳｷｮｳﾄ,神津島村,ｺｳﾂﾞｼﾏﾑﾗ
133817,東京都,ﾄｳｷｮｳﾄ,三宅村,ﾐﾔｹﾑﾗ
133825,東京都,ﾄｳｷｮｳﾄ,御蔵島村,ﾐｸﾗｼﾞﾏﾑﾗ
134015,東京都,ﾄｳｷｮｳﾄ,八丈町,ﾊﾁｼﾞｮｳﾏﾁ
134023,東京都,ﾄｳｷｮｳﾄ,青ヶ島村,ｱｵｶﾞｼﾏﾑﾗ
134210,東京都,ﾄｳｷｮｳﾄ,小笠原村,ｵｶﾞｻﾜﾗﾑﾗ
140007,神奈川県,ｶﾅｶﾞﾜｹﾝ,,
141003,神奈川県,ｶﾅｶﾞﾜｹﾝ,横浜市,ﾖｺﾊﾏｼ
141305,神奈川県,ｶﾅｶﾞﾜｹﾝ,川崎市,ｶﾜｻｷｼ
141500,神奈川県,ｶﾅｶﾞﾜｹﾝ,相模原市,ｻｶﾞﾐﾊﾗｼ
142018,神奈川県,ｶﾅｶﾞﾜｹﾝ,横須賀市,ﾖｺｽｶｼ
142034,神奈川県,ｶﾅｶﾞﾜｹﾝ,平塚市,ﾋﾗﾂｶｼ
142042,神奈川県,ｶﾅｶﾞﾜｹﾝ,鎌倉市,ｶﾏｸﾗｼ
142051,神奈川県,ｶﾅｶﾞﾜｹﾝ,藤沢市,ﾌｼﾞｻﾜｼ
142069,神奈川県,ｶﾅｶﾞﾜｹﾝ,小田原市,ｵﾀﾞﾜﾗｼ
142077,神奈川県,ｶﾅｶﾞﾜｹﾝ,茅ヶ崎市,ﾁｶﾞｻｷｼ
142085,神奈川県,ｶﾅｶﾞﾜｹﾝ,逗子市,ｽﾞｼｼ
142107,神奈川県,ｶﾅｶﾞﾜｹﾝ,三浦市,ﾐｳﾗｼ
142115,神奈川県,ｶﾅｶﾞﾜｹﾝ,秦野市,ﾊﾀﾞﾉｼ
142123,神奈川県,ｶﾅｶﾞﾜｹﾝ,厚木市,ｱﾂｷﾞｼ
142131,神奈川県,ｶﾅｶﾞﾜｹﾝ,大和市,ﾔﾏﾄｼ
142140,神奈川県,ｶﾅｶﾞﾜｹﾝ,伊勢原市,ｲｾﾊﾗｼ
142158,神奈川県,ｶﾅｶﾞﾜｹﾝ,海老名市,ｴﾋﾞﾅｼ
142166,神奈川県,ｶﾅｶﾞﾜｹﾝ,座間市,ｻﾞﾏｼ
142174,神奈川県,ｶﾅｶﾞﾜｹﾝ,南足柄市,ﾐﾅﾐｱｼｶﾞﾗｼ
142182,神奈川県,ｶﾅｶﾞﾜｹﾝ,綾瀬市,ｱﾔｾｼ
143014,神奈川県,ｶﾅｶﾞﾜｹﾝ,葉山町,ﾊﾔﾏﾏﾁ
143219,神奈川県,ｶﾅｶﾞﾜｹﾝ,寒川町,ｻﾑｶﾜﾏﾁ
143413,神奈川県,ｶﾅｶﾞﾜｹﾝ,大磯町,ｵｵｲｿﾏﾁ
143421,神奈川県,ｶﾅｶﾞﾜｹﾝ,二宮町,ﾆﾉﾐﾔﾏﾁ
143618,神奈川県,ｶﾅｶﾞﾜｹﾝ,中井町,ﾅｶｲﾏﾁ
143626,神奈川県,ｶﾅｶﾞﾜｹﾝ,大井町,ｵｵｲﾏﾁ
143634,神奈川県,ｶﾅｶﾞﾜｹﾝ,松田町,ﾏﾂﾀﾞﾏﾁ
143642,神奈川県,ｶﾅｶﾞﾜｹﾝ,山北町,ﾔﾏｷﾀﾏﾁ
143669,神奈川県,ｶﾅｶﾞﾜｹﾝ,開成町,ｶｲｾｲﾏﾁ
143821,神奈川県,ｶﾅｶﾞﾜｹﾝ,箱根町,ﾊｺﾈﾏﾁ
143839,神奈川県,ｶﾅｶﾞﾜｹﾝ,真鶴町,ﾏﾅﾂﾞﾙﾏﾁ
143847,神奈川県,ｶﾅｶﾞﾜｹﾝ,湯河原町,ﾕｶﾞﾜﾗﾏﾁ
144011,神奈川県,ｶﾅｶﾞﾜｹﾝ,愛川町,ｱｲｶﾜﾏﾁ
144029,神奈川県,ｶﾅｶﾞﾜｹﾝ,清川村,ｷﾖｶﾜﾑﾗ
150002,新潟県,ﾆｲｶﾞﾀｹﾝ,,
151009,新潟県,ﾆｲｶﾞﾀｹﾝ,新潟市,ﾆｲｶﾞﾀｼ
152021,新潟県,ﾆｲｶﾞﾀｹﾝ,長岡市,ﾅｶﾞｵｶｼ
152048,新潟県,ﾆｲｶﾞﾀｹﾝ,三条市,ｻﾝｼﾞｮｳｼ
152056,新潟県,ﾆｲｶﾞﾀｹﾝ,柏崎市,ｶｼﾜｻﾞｷｼ
152064,新潟県,ﾆｲｶﾞﾀｹﾝ,新発田市,ｼﾊﾞﾀｼ
152081,新潟県,ﾆｲｶﾞﾀｹﾝ,小千谷市,ｵﾁﾞﾔｼ
152099,新潟県,ﾆｲｶﾞﾀｹﾝ,加茂市,ｶﾓｼ
152102,新潟県,ﾆｲｶﾞﾀｹﾝ,十日町市,ﾄｵｶﾏﾁｼ
152111,新潟県,ﾆｲｶﾞﾀｹﾝ,見附市,ﾐﾂｹｼ
152129,新潟県,ﾆｲｶﾞﾀｹﾝ,村上市,ﾑﾗｶﾐｼ
152137,新潟県,ﾆｲｶﾞﾀｹﾝ,燕市,ﾂﾊﾞﾒｼ
152161,新潟県,ﾆｲｶﾞﾀｹﾝ,糸魚川市,ｲﾄｲｶﾞﾜｼ
152170,新潟県,ﾆｲｶﾞﾀｹﾝ,妙高市,ﾐｮｳｺｳｼ
152188,新潟県,ﾆｲｶﾞﾀｹﾝ,五泉市,ｺﾞｾﾝｼ
152226,新潟県,ﾆｲｶﾞﾀｹﾝ,上越市,ｼﾞｮｳｴﾂｼ
152234,新潟県,ﾆｲｶﾞﾀｹﾝ,阿賀野市,ｱｶﾞﾉｼ
152242,新潟県,ﾆｲｶﾞﾀｹﾝ,佐渡市,ｻﾄﾞｼ
152251,新潟県,ﾆｲｶﾞﾀｹﾝ,魚沼市,ｳｵﾇﾏｼ
152269,新潟県,ﾆｲｶﾞﾀｹﾝ,南魚沼市,ﾐﾅﾐｳｵﾇﾏｼ
152277,新潟県,ﾆｲｶﾞﾀｹﾝ,胎内市,ﾀｲﾅｲｼ
153079,新潟県,ﾆｲｶﾞﾀｹﾝ,聖籠町,ｾｲﾛｳﾏﾁ
153427,新潟県,ﾆｲｶﾞﾀｹﾝ,弥彦村,ﾔﾋｺﾑﾗ
153613,新潟県,ﾆｲｶﾞﾀｹﾝ,田上町,ﾀｶﾞﾐﾏﾁ
153851,新潟県,ﾆｲｶﾞﾀｹﾝ,阿賀町,ｱｶﾞﾏﾁ
154059,新潟県,ﾆｲｶﾞﾀｹﾝ,出雲崎町,ｲｽﾞﾓｻﾞｷﾏﾁ
154610,新潟県,ﾆｲｶﾞﾀｹﾝ,湯沢町,ﾕｻﾞﾜﾏﾁ
154822,新潟県,ﾆｲｶﾞﾀｹﾝ,津南町,ﾂﾅﾝﾏﾁ
155047,新潟県,ﾆｲｶﾞﾀｹﾝ,刈羽村,ｶﾘﾜﾑﾗ
155811,新潟県,ﾆｲｶﾞﾀｹﾝ,関川村,ｾｷｶﾜﾑﾗ
155861,新潟県,ﾆｲｶﾞﾀｹﾝ,粟島浦村,ｱﾜｼﾏｳﾗﾑﾗ
160008,富山県,ﾄﾔﾏｹﾝ,,
162019,富山県,ﾄﾔﾏｹﾝ,富山市,ﾄﾔﾏｼ
162027,富山県,ﾄﾔﾏｹﾝ,高岡市,ﾀｶｵｶｼ
162043,富山県,ﾄﾔﾏｹﾝ,魚津市,ｳｵﾂﾞｼ
162051,富山県,ﾄﾔﾏｹﾝ,氷見市,ﾋﾐｼ
162060,富山県,ﾄﾔﾏｹﾝ,滑川市,ﾅﾒﾘｶﾜｼ
162078,富山県,ﾄﾔﾏｹﾝ,黒部市,ｸﾛﾍﾞｼ
162086,富山県,ﾄﾔﾏｹﾝ,砺波市,ﾄﾅﾐｼ
162094,富山県,ﾄﾔﾏｹﾝ,小矢部市,ｵﾔﾍﾞｼ
162108,富山県,ﾄﾔﾏｹﾝ,南砺市,ﾅﾝﾄｼ
162116,富山県,ﾄﾔﾏｹﾝ,射水市,ｲﾐｽﾞｼ
163210,富山県,ﾄﾔﾏｹﾝ,舟橋村,ﾌﾅﾊｼﾑﾗ
163228,富山県,ﾄﾔﾏｹﾝ,上市町,ｶﾐｲﾁﾏﾁ
163236,富山県,ﾄﾔﾏｹﾝ,立山町,ﾀﾃﾔﾏﾏﾁ
163422,富山県,ﾄﾔﾏｹﾝ,入善町,ﾆｭｳｾﾞﾝﾏﾁ
163431,富山県,ﾄﾔﾏｹﾝ,朝日町,ｱｻﾋﾏﾁ
170003,石川県,ｲｼｶﾜｹﾝ,,
172014,石川県,ｲｼｶﾜｹﾝ,金沢市,ｶﾅｻﾞﾜｼ
172022,石川県,ｲｼｶﾜｹﾝ,七尾市,ﾅﾅｵｼ
172031,石川県,ｲｼｶﾜｹﾝ,小松市,ｺﾏﾂｼ
172049,石川県,ｲｼｶﾜｹﾝ,輪島市,ﾜｼﾞﾏｼ
172057,石川県,ｲｼｶﾜｹﾝ,珠洲市,ｽｽﾞｼ
172065,石川県,ｲｼｶﾜｹﾝ,加賀市,ｶｶﾞｼ
172073,石川県,ｲｼｶﾜｹﾝ,羽咋市,ﾊｸｲｼ
172090,石川県,ｲｼｶﾜｹﾝ,かほく市,ｶﾎｸｼ
172103,石川県,ｲｼｶﾜｹﾝ,白山市,ﾊｸｻﾝｼ
172111,石川県,ｲｼｶﾜｹﾝ,能美市,ﾉﾐｼ
172120,石川県,ｲｼｶﾜｹﾝ,野々市市,ﾉﾉｲﾁｼ
173240,石川県,ｲｼｶﾜｹﾝ,川北町,ｶﾜｷﾀﾏﾁ
173614,石川県,ｲｼｶﾜｹﾝ,津幡町,ﾂﾊﾞﾀﾏﾁ
173657,石川県,ｲｼｶﾜｹﾝ,内灘町,ｳﾁﾅﾀﾞﾏﾁ
173843,石川県,ｲｼｶﾜｹﾝ,志賀町,ｼｶﾏﾁ
173860,石川県,ｲｼｶﾜｹﾝ,宝達志水町,ﾎｳﾀﾞﾂｼﾐｽﾞﾁｮｳ
174076,石川県,ｲｼｶﾜｹﾝ,中能登町,ﾅｶﾉﾄﾏﾁ
174611,石川県,ｲｼｶﾜｹﾝ,穴水町,ｱﾅﾐｽﾞﾏﾁ
174637,石川県,ｲｼｶﾜｹﾝ,能登町,ﾉﾄﾁｮｳ
180009,福井県,ﾌｸｲｹﾝ,,
182010,福井県,ﾌｸｲｹﾝ,福井市,ﾌｸｲｼ
182028,福井県,ﾌｸｲｹﾝ,敦賀市,ﾂﾙｶﾞｼ
182044,福井県,ﾌｸｲｹﾝ,小浜市,ｵﾊﾞﾏｼ
182052,福井県,ﾌｸｲｹﾝ,大野市,ｵｵﾉｼ
182061,福井県,ﾌｸｲｹﾝ,勝山市,ｶﾂﾔﾏｼ
182079,福井県,ﾌｸｲｹﾝ,鯖江市,ｻﾊﾞｴｼ
182087,福井県,ﾌｸｲｹﾝ,あわら市,ｱﾜﾗｼ
182095,福井県,ﾌｸｲｹﾝ,越前市,ｴﾁｾﾞﾝｼ
182109,福井県,ﾌｸｲｹﾝ,坂井市,ｻｶｲｼ
183229,福井県,ﾌｸｲｹﾝ,永平寺町,ｴｲﾍｲｼﾞﾁｮｳ
183822,福井県,ﾌｸｲｹﾝ,池田町,ｲｹﾀﾞﾁｮｳ
184047,福井県,ﾌｸｲｹﾝ,南越前町,ﾐﾅﾐｴﾁｾﾞﾝﾁｮｳ
184233,福井県,ﾌｸｲｹﾝ,越前町,ｴﾁｾﾞﾝﾁｮｳ
184420,福井県,ﾌｸｲｹﾝ,美浜町,ﾐﾊﾏﾁｮｳ
184811,福井県,ﾌｸｲｹﾝ,高浜町,ﾀｶﾊﾏﾁｮｳ
184837,福井県,ﾌｸｲｹﾝ,おおい町,ｵｵｲﾁｮｳ
185019,福井県,ﾌｸｲｹﾝ,若狭町,ﾜｶｻﾁｮｳ
190004,山梨県,ﾔﾏﾅｼｹﾝ,,
192015,山梨県,ﾔﾏﾅｼｹﾝ,甲府市,ｺｳﾌｼ
192023,山梨県,ﾔﾏﾅｼｹﾝ,富士吉田市,ﾌｼﾞﾖｼﾀﾞｼ
192040,山梨県,ﾔﾏﾅｼｹﾝ,都留市,ﾂﾙｼ
192058,山梨県,ﾔﾏﾅｼｹﾝ,山梨市,ﾔﾏﾅｼｼ
192066,山梨県,ﾔﾏﾅｼｹﾝ,大月市,ｵｵﾂｷｼ
192074,山梨県,ﾔﾏﾅｼｹﾝ,韮崎市,ﾆﾗｻｷｼ
192082,山梨県,ﾔﾏﾅｼｹﾝ,南アルプス市,ﾐﾅﾐｱﾙﾌﾟｽｼ
192091,山梨県,ﾔﾏﾅｼｹﾝ,北杜市,ﾎｸﾄｼ
192104,山梨県,ﾔﾏﾅｼｹﾝ,甲斐市,ｶｲｼ
192112,山梨県,ﾔﾏﾅｼｹﾝ,笛吹市,ﾌｴﾌｷｼ
192121,山梨県,ﾔﾏﾅｼｹﾝ,上野原市,ｳｴﾉﾊﾗｼ
192139,山梨県,ﾔﾏﾅｼｹﾝ,甲州市,ｺｳｼｭｳｼ
192147,山梨県,ﾔﾏﾅｼｹﾝ,中央市,ﾁｭｳｵｳｼ
193461,山梨県,ﾔﾏﾅｼｹﾝ,市川三郷町,ｲﾁｶﾜﾐｻﾄﾁｮｳ
193640,山梨県,ﾔﾏﾅｼｹﾝ,早川町,ﾊﾔｶﾜﾁｮｳ
193658,山梨県,ﾔﾏﾅｼｹﾝ,身延町,ﾐﾉﾌﾞﾁｮｳ
193666,山梨県,ﾔﾏﾅｼｹﾝ,南部町,ﾅﾝﾌﾞﾁｮｳ
193682,山梨県,ﾔﾏﾅｼｹﾝ,富士川町,ﾌｼﾞｶﾜﾁｮｳ
193844,山梨県,ﾔﾏﾅｼｹﾝ,昭和町,ｼｮｳﾜﾁｮｳ
194221,山梨県,ﾔﾏﾅｼｹﾝ,道志村,ﾄﾞｳｼﾑﾗ
194239,山梨県,ﾔﾏﾅｼｹﾝ,西桂町,ﾆｼｶﾂﾗﾁｮｳ
194247,山梨県,ﾔﾏﾅｼｹﾝ,忍野村,ｵｼﾉﾑﾗ
194255,山梨県,ﾔﾏﾅｼｹﾝ,山中湖村,ﾔﾏﾅｶｺﾑﾗ
194298,山梨県,ﾔﾏﾅｼｹﾝ,鳴沢村,ﾅﾙｻﾜﾑﾗ
194301,山梨県,ﾔﾏﾅｼｹﾝ,富士河口湖町,ﾌｼﾞｶﾜｸﾞﾁｺﾏﾁ
194425,山梨県,ﾔﾏﾅｼｹﾝ,小菅村,ｺｽｹﾞﾑﾗ
194433,山梨県,ﾔﾏﾅｼｹﾝ,丹波山村,ﾀﾊﾞﾔﾏﾑﾗ
200000,長野県,ﾅｶﾞﾉｹﾝ,,
202011,長野県,ﾅｶﾞﾉｹﾝ,長野市,ﾅｶﾞﾉｼ
202029,長野県,ﾅｶﾞﾉｹﾝ,松本市,ﾏﾂﾓﾄｼ
202037,長野県,ﾅｶﾞﾉｹﾝ,上田市,ｳｴﾀﾞｼ
202045,長野県,ﾅｶﾞﾉｹﾝ,岡谷市,ｵｶﾔｼ
202053,長野県,ﾅｶﾞﾉｹﾝ,飯田市,ｲｲﾀﾞｼ
202061,長野県,ﾅｶﾞﾉｹﾝ,諏訪市,ｽﾜｼ
202070,長野県,ﾅｶﾞﾉｹﾝ,須坂市,ｽｻﾞｶｼ
202088,長野県,ﾅｶﾞﾉｹﾝ,小諸市,ｺﾓﾛｼ
202096,長野県,ﾅｶﾞﾉｹﾝ,伊那市,ｲﾅｼ
202100,長野県,ﾅｶﾞﾉｹﾝ,駒ヶ根市,ｺﾏｶﾞﾈｼ
202118,長野県,ﾅｶﾞﾉｹﾝ,中野市,ﾅｶﾉｼ
202126,長野県,ﾅｶﾞﾉｹﾝ,大町市,ｵｵﾏﾁｼ
202134,長野県,ﾅｶﾞﾉｹﾝ,飯山市,ｲｲﾔﾏｼ
202142,長野県,ﾅｶﾞﾉｹﾝ,茅野市,ﾁﾉｼ
202151,長野県,ﾅｶﾞﾉｹﾝ,塩尻市,ｼｵｼﾞﾘｼ
202177,長野県,ﾅｶﾞﾉｹﾝ,佐久市,ｻｸｼ
202185,長野県,ﾅｶﾞﾉｹﾝ,千曲市,ﾁｸﾏｼ
202193,長野県,ﾅｶﾞﾉｹﾝ,東御市,ﾄｳﾐｼ
202207,長野県,ﾅｶﾞﾉｹﾝ,安曇野市,ｱﾂﾞﾐﾉｼ
203033,長野県,ﾅｶﾞﾉｹﾝ,小海町,ｺｳﾐﾏﾁ
203041,長野県,ﾅｶﾞﾉｹﾝ,川上村,ｶﾜｶﾐﾑﾗ
203050,長野県,ﾅｶﾞﾉｹﾝ,南牧村,ﾐﾅﾐﾏｷﾑﾗ
203068,長野県,ﾅｶﾞﾉｹﾝ,南相木村,ﾐﾅﾐｱｲｷﾑﾗ
203076,長野県,ﾅｶﾞﾉｹﾝ,北相木村,ｷﾀｱｲｷﾑﾗ
203092,長野県,ﾅｶﾞﾉｹﾝ,佐久穂町,ｻｸﾎﾏﾁ
203211,長野県,ﾅｶﾞﾉｹﾝ,軽井沢町,ｶﾙｲｻﾞﾜﾏﾁ
203238,長野県,ﾅｶﾞﾉｹﾝ,御代田町,ﾐﾖﾀﾏﾁ
203246,長野県,ﾅｶﾞﾉｹﾝ,立科町,ﾀﾃｼﾅﾏﾁ
203491,長野県,ﾅｶﾞﾉｹﾝ,青木村,ｱｵｷﾑﾗ
203505,長野県,ﾅｶﾞﾉｹﾝ,長和町,ﾅｶﾞﾜﾏﾁ
203611,長野県,ﾅｶﾞﾉｹﾝ,下諏訪町,ｼﾓｽﾜﾏﾁ
203629,長野県,ﾅｶﾞﾉｹﾝ,富士見町,ﾌｼﾞﾐﾏﾁ
203637,長野県,ﾅｶﾞﾉｹﾝ,原村,ﾊﾗﾑﾗ
203823,長野県,ﾅｶﾞﾉｹﾝ,辰野町,ﾀﾂﾉﾏﾁ
203831,長野県,ﾅｶﾞﾉｹﾝ,箕輪町,ﾐﾉﾜﾏﾁ
203840,長野県,ﾅｶﾞﾉｹﾝ,飯島町,ｲｲｼﾞﾏﾏﾁ
203858,長野県,ﾅｶﾞﾉｹﾝ,南箕輪村,ﾐﾅﾐﾐﾉﾜﾑﾗ
203866,長野県,ﾅｶﾞﾉｹﾝ,中川村,ﾅｶｶﾞﾜﾑﾗ
203882,長野県,ﾅｶﾞﾉｹﾝ,宮田村,ﾐﾔﾀﾞﾑﾗ
204021,長野県,ﾅｶﾞﾉｹﾝ,松川町,ﾏﾂｶﾜﾏﾁ
204030,長野県,ﾅｶﾞﾉｹﾝ,高森町,ﾀｶﾓﾘﾏﾁ
204048,長野県,ﾅｶﾞﾉｹﾝ,阿南町,ｱﾅﾝﾁｮｳ
204072,長野県,ﾅｶﾞﾉｹﾝ,阿智村,ｱﾁﾑﾗ
204099,長野県,ﾅｶﾞﾉｹﾝ,平谷村,ﾋﾗﾔﾑﾗ
204102,長野県,ﾅｶﾞﾉｹﾝ,根羽村,ﾈﾊﾞﾑﾗ
204111,長野県,ﾅｶﾞﾉｹﾝ,下條村,ｼﾓｼﾞｮｳﾑﾗ
204129,長野県,ﾅｶﾞﾉｹﾝ,売木村,ｳﾙｷﾞﾑﾗ
204137,長野県,ﾅｶﾞﾉｹﾝ,天龍村,ﾃﾝﾘｭｳﾑﾗ
204145,長野県,ﾅｶﾞﾉｹﾝ,泰阜村,ﾔｽｵｶﾑﾗ
204153,長野県,ﾅｶﾞﾉｹﾝ,喬木村,ﾀｶｷﾞﾑﾗ
204161,長野県,ﾅｶﾞﾉｹﾝ,豊丘村,ﾄﾖｵｶﾑﾗ
204170,長野県,ﾅｶﾞﾉｹﾝ,大鹿村,ｵｵｼｶﾑﾗ
204226,長野県,ﾅｶﾞﾉｹﾝ,上松町,ｱｹﾞﾏﾂﾏﾁ
204234,長野県,ﾅｶﾞﾉｹﾝ,南木曽町,ﾅｷﾞｿﾏﾁ
204251,長野県,ﾅｶﾞﾉｹﾝ,木祖村,ｷｿﾑﾗ
204293,長野県,ﾅｶﾞﾉｹﾝ,王滝村,ｵｳﾀｷﾑﾗ
204307,長野県,ﾅｶﾞﾉｹﾝ,大桑村,ｵｵｸﾜﾑﾗ
204323,長野県,ﾅｶﾞﾉｹﾝ,木曽町,ｷｿﾏﾁ
204463,長野県,ﾅｶﾞﾉｹﾝ,麻績村,ｵﾐﾑﾗ
204480,長野県,ﾅｶﾞﾉｹﾝ,生坂村,ｲｸｻｶﾑﾗ
204501,長野県,ﾅｶﾞﾉｹﾝ,山形村,ﾔﾏｶﾞﾀﾑﾗ
204510,長野県,ﾅｶﾞﾉｹﾝ,朝日村,ｱｻﾋﾑﾗ
204528,長野県,ﾅｶﾞﾉｹﾝ,筑北村,ﾁｸﾎｸﾑﾗ
204811,長野県,ﾅｶﾞﾉｹﾝ,池田町,ｲｹﾀﾞﾏﾁ
204820,長野県,ﾅｶﾞﾉｹﾝ,松川村,ﾏﾂｶﾜﾑﾗ
204854,長野県,ﾅｶﾞﾉｹﾝ,白馬村,ﾊｸﾊﾞﾑﾗ
204862,長野県,ﾅｶﾞﾉｹﾝ,小谷村,ｵﾀﾘﾑﾗ
205214,長野県,ﾅｶﾞﾉｹﾝ,坂城町,ｻｶｷﾏﾁ
205419,長野県,ﾅｶﾞﾉｹﾝ,小布施町,ｵﾌﾞｾﾏﾁ
205435,長野県,ﾅｶﾞﾉｹﾝ,高山村,ﾀｶﾔﾏﾑﾗ
205613,長野県,ﾅｶﾞﾉｹﾝ,山ノ内町,ﾔﾏﾉｳﾁﾏﾁ
205621,長野県,ﾅｶﾞﾉｹﾝ,木島平村,ｷｼﾞﾏﾀﾞｲﾗﾑﾗ
205630,長野県,ﾅｶﾞﾉｹﾝ,野沢温泉村,ﾉｻﾞﾜｵﾝｾﾝﾑﾗ
205834,長野県,ﾅｶﾞﾉｹﾝ,信濃町,ｼﾅﾉﾏﾁ
205885,長野県,ﾅｶﾞﾉｹﾝ,小川村,ｵｶﾞﾜﾑﾗ
205907,長野県,ﾅｶﾞﾉｹﾝ,飯綱町,ｲｲﾂﾞﾅﾏﾁ
206024,長野県,ﾅｶﾞﾉｹﾝ,栄村,ｻｶｴﾑﾗ
210005,岐阜県,ｷﾞﾌｹﾝ,,
212016,岐阜県,ｷﾞﾌｹﾝ,岐阜市,ｷﾞﾌｼ
212024,岐阜県,ｷﾞﾌｹﾝ,大垣市,ｵｵｶﾞｷｼ
212032,岐阜県,ｷﾞﾌｹﾝ,高山市,ﾀｶﾔﾏｼ
212041,岐阜県,ｷﾞﾌｹﾝ,多治見市,ﾀｼﾞﾐｼ
212059,岐阜県,ｷﾞﾌｹﾝ,関市,ｾｷｼ
212067,岐阜県,ｷﾞﾌｹﾝ,中津川市,ﾅｶﾂｶﾞﾜｼ
212075,岐阜県,ｷﾞﾌｹﾝ,美濃市,ﾐﾉｼ
212083,岐阜県,ｷﾞﾌｹﾝ,瑞浪市,ﾐｽﾞﾅﾐｼ
212091,岐阜県,ｷﾞﾌｹﾝ,羽島市,ﾊｼﾏｼ
212105,岐阜県,ｷﾞﾌｹﾝ,恵那市,ｴﾅｼ
212113,岐阜県,ｷﾞﾌｹﾝ,美濃加茂市,ﾐﾉｶﾓｼ
212121,岐阜県,ｷﾞﾌｹﾝ,土岐市,ﾄｷｼ
212130,岐阜県,ｷﾞﾌｹﾝ,各務原市,ｶｶﾐｶﾞﾊﾗｼ
212148,岐阜県,ｷﾞﾌｹﾝ,可児市,ｶﾆｼ
212156,岐阜県,ｷﾞﾌｹﾝ,山県市,ﾔﾏｶﾞﾀｼ
212164,岐阜県,ｷﾞﾌｹﾝ,瑞穂市,ﾐｽﾞﾎｼ
212172,岐阜県,ｷﾞﾌｹﾝ,飛騨市,ﾋﾀﾞｼ
212181,岐阜県,ｷﾞﾌｹﾝ,本巣市,ﾓﾄｽｼ
212199,岐阜県,ｷﾞﾌｹﾝ,郡上市,ｸﾞｼﾞｮｳｼ
212202,岐阜県,ｷﾞﾌｹﾝ,下呂市,ｹﾞﾛｼ
212211,岐阜県,ｷﾞﾌｹﾝ,海津市,ｶｲﾂﾞｼ
213021,岐阜県,ｷﾞﾌｹﾝ,岐南町,ｷﾞﾅﾝﾁｮｳ
213039,岐阜県,ｷﾞﾌｹﾝ,笠松町,ｶｻﾏﾂﾁｮｳ
213411,岐阜県,ｷﾞﾌｹﾝ,養老町,ﾖｳﾛｳﾁｮｳ
213616,岐阜県,ｷﾞﾌｹﾝ,垂井町,ﾀﾙｲﾁｮｳ
213624,岐阜県,ｷﾞﾌｹﾝ,関ケ原町,ｾｷｶﾞﾊﾗﾁｮｳ
213811,岐阜県,ｷﾞﾌｹﾝ,神戸町,ｺﾞｳﾄﾞﾁｮｳ
213829,岐阜県,ｷﾞﾌｹﾝ,輪之内町,ﾜﾉｳﾁﾁｮｳ
213837,岐阜県,ｷﾞﾌｹﾝ,安八町,ｱﾝﾊﾟﾁﾁｮｳ
214019,岐阜県,ｷﾞﾌｹﾝ,揖斐川町,ｲﾋﾞｶﾞﾜﾁｮｳ
214035,岐阜県,ｷﾞﾌｹﾝ,大野町,ｵｵﾉﾁｮｳ
214043,岐阜県,ｷﾞﾌｹﾝ,池田町,ｲｹﾀﾞﾁｮｳ
214213,岐阜県,ｷﾞﾌｹﾝ,北方町,ｷﾀｶﾞﾀﾁｮｳ
215015,岐阜県,ｷﾞﾌｹﾝ,坂祝町,ｻｶﾎｷﾞﾁｮｳ
215023,岐阜県,ｷﾞﾌｹﾝ,富加町,ﾄﾐｶﾁｮｳ
215031,岐阜県,ｷﾞﾌｹﾝ,川辺町,ｶﾜﾍﾞﾁｮｳ
215040,岐阜県,ｷﾞﾌｹﾝ,七宗町,ﾋﾁｿｳﾁｮｳ
215058,岐阜県,ｷﾞﾌｹﾝ,八百津町,ﾔｵﾂﾁｮｳ
215066,岐阜県,ｷﾞﾌｹﾝ,白川町,ｼﾗｶﾜﾁｮｳ
215074,岐阜県,ｷﾞﾌｹﾝ,東白川村,ﾋｶﾞｼｼﾗｶﾜﾑﾗ
215210,岐阜県,ｷﾞﾌｹﾝ,御嵩町,ﾐﾀｹﾁｮｳ
216046,岐阜県,ｷﾞﾌｹﾝ,白川村,ｼﾗｶﾜﾑﾗ
220001,静岡県,ｼｽﾞｵｶｹﾝ,,
221007,静岡県,ｼｽﾞｵｶｹﾝ,静岡市,ｼｽﾞｵｶｼ
221309,静岡県,ｼｽﾞｵｶｹﾝ,浜松市,ﾊﾏﾏﾂｼ
222038,静岡県,ｼｽﾞｵｶｹﾝ,沼津市,ﾇﾏﾂﾞｼ
222054,静岡県,ｼｽﾞｵｶｹﾝ,熱海市,ｱﾀﾐｼ
222062,静岡県,ｼｽﾞｵｶｹﾝ,三島市,ﾐｼﾏｼ
222071,静岡県,ｼｽﾞｵｶｹﾝ,富士宮市,ﾌｼﾞﾉﾐﾔｼ
222089,静岡県,ｼｽﾞｵｶｹﾝ,伊東市,ｲﾄｳｼ
222097,静岡県,ｼｽﾞｵｶｹﾝ,島田市,ｼﾏﾀﾞｼ
222101,静岡県,ｼｽﾞｵｶｹﾝ,富士市,ﾌｼﾞｼ
222119,静岡県,ｼｽﾞｵｶｹﾝ,磐田市,ｲﾜﾀｼ
222127,静岡県,ｼｽﾞｵｶｹﾝ,焼津市,ﾔｲﾂﾞｼ
222135,静岡県,ｼｽﾞｵｶｹﾝ,掛川市,ｶｹｶﾞﾜｼ
222143,静岡県,ｼｽﾞｵｶｹﾝ,藤枝市,ﾌｼﾞｴﾀﾞｼ
222151,静岡県,ｼｽﾞｵｶｹﾝ,御殿場市,ｺﾞﾃﾝﾊﾞｼ
222160,静岡県,ｼｽﾞｵｶｹﾝ,袋井市,ﾌｸﾛｲｼ
222194,静岡県,ｼｽﾞｵｶｹﾝ,下田市,ｼﾓﾀﾞｼ
222208,静岡県,ｼｽﾞｵｶｹﾝ,裾野市,ｽｿﾉｼ
222216,静岡県,ｼｽﾞｵｶｹﾝ,湖西市,ｺｻｲｼ
222224,静岡県,ｼｽﾞｵｶｹﾝ,伊豆市,ｲｽﾞｼ
222232,静岡県,ｼｽﾞｵｶｹﾝ,御前崎市,ｵﾏｴｻﾞｷｼ
222241,静岡県,ｼｽﾞｵｶｹﾝ,菊川市,ｷｸｶﾞﾜｼ
222259,静岡県,ｼｽﾞｵｶｹﾝ,伊豆の国市,ｲｽﾞﾉｸﾆｼ
222267,静岡県,ｼｽﾞｵｶｹﾝ,牧之原市,ﾏｷﾉﾊﾗｼ
223018,静岡県,ｼｽﾞｵｶｹﾝ,東伊豆町,ﾋｶﾞｼｲｽﾞﾁｮｳ
223026,静岡県,ｼｽﾞｵｶｹﾝ,河津町,ｶﾜﾂﾞﾁｮｳ
223042,静岡県,ｼｽﾞｵｶｹﾝ,南伊豆町,ﾐﾅﾐｲｽﾞﾁｮｳ
223051,静岡県,ｼｽﾞｵｶｹﾝ,松崎町,ﾏﾂｻﾞｷﾁｮｳ
223069,静岡県,ｼｽﾞｵｶｹﾝ,西伊豆町,ﾆｼｲｽﾞﾁｮｳ
223255,静岡県,ｼｽﾞｵｶｹﾝ,函南町,ｶﾝﾅﾐﾁｮｳ
223417,静岡県,ｼｽﾞｵｶｹﾝ,清水町,ｼﾐｽﾞﾁｮｳ
223425,静岡県,ｼｽﾞｵｶｹﾝ,長泉町,ﾅｶﾞｲｽﾞﾐﾁｮｳ
223441,静岡県,ｼｽﾞｵｶｹﾝ,小山町,ｵﾔﾏﾁｮｳ
224243,静岡県,ｼｽﾞｵｶｹﾝ,吉田町,ﾖｼﾀﾞﾁｮｳ
224294,静岡県,ｼｽﾞｵｶｹﾝ,川根本町,ｶﾜﾈﾎﾝﾁｮｳ
224618,静岡県,ｼｽﾞｵｶｹﾝ,森町,ﾓﾘﾏﾁ
230006,愛知県,ｱｲﾁｹﾝ,,
231002,愛知県,ｱｲﾁｹﾝ,名古屋市,ﾅｺﾞﾔｼ
232017,愛知県,ｱｲﾁｹﾝ,豊橋市,ﾄﾖﾊｼｼ
232025,愛知県,ｱｲﾁｹﾝ,岡崎市,ｵｶｻﾞｷｼ
232033,愛知県,ｱｲﾁｹﾝ,一宮市,ｲﾁﾉﾐﾔｼ
232041,愛知県,ｱｲﾁｹﾝ,瀬戸市,ｾﾄｼ
232050,愛知県,ｱｲﾁｹﾝ,半田市,ﾊﾝﾀﾞｼ
232068,愛知県,ｱｲﾁｹﾝ,春日井市,ｶｽｶﾞｲｼ
232076,愛知県,ｱｲﾁｹﾝ,豊川市,ﾄﾖｶﾜｼ
232084,愛知県,ｱｲﾁｹﾝ,津島市,ﾂｼﾏｼ
232092,愛知県,ｱｲﾁｹﾝ,碧南市,ﾍｷﾅﾝｼ
232106,愛知県,ｱｲﾁｹﾝ,刈谷市,ｶﾘﾔｼ
232114,愛知県,ｱｲﾁｹﾝ,豊田市,ﾄﾖﾀｼ
232122,愛知県,ｱｲﾁｹﾝ,安城市,ｱﾝｼﾞｮｳｼ
232131,愛知県,ｱｲﾁｹﾝ,西尾市,ﾆｼｵｼ
232149,愛知県,ｱｲﾁｹﾝ,蒲郡市,ｶﾞﾏｺﾞｵﾘｼ
232157,愛知県,ｱｲﾁｹﾝ,犬山市,ｲﾇﾔﾏｼ
232165,愛知県,ｱｲﾁｹﾝ,常滑市,ﾄｺﾅﾒｼ
232173,愛知県,ｱｲﾁｹﾝ,江南市,ｺｳﾅﾝｼ
232190,愛知県,ｱｲﾁｹﾝ,小牧市,ｺﾏｷｼ
232203,愛知県,ｱｲﾁｹﾝ,稲沢市,ｲﾅｻﾞﾜｼ
232211,愛知県,ｱｲﾁｹﾝ,新城市,ｼﾝｼﾛｼ
232220,愛知県,ｱｲﾁｹﾝ,東海市,ﾄｳｶｲｼ
232238,愛知県,ｱｲﾁｹﾝ,大府市,ｵｵﾌﾞｼ
232246,愛知県,ｱｲﾁｹﾝ,知多市,ﾁﾀｼ
232254,愛知県,ｱｲﾁｹﾝ,知立市,ﾁﾘｭｳｼ
232262,愛知県,ｱｲﾁｹﾝ,尾張旭市,ｵﾜﾘｱｻﾋｼ
232271,愛知県,ｱｲﾁｹﾝ,高浜市,ﾀｶﾊﾏｼ
232289,愛知県,ｱｲﾁｹﾝ,岩倉市,ｲﾜｸﾗｼ
232297,愛知県,ｱｲﾁｹﾝ,豊明市,ﾄﾖｱｹｼ
232301,愛知県,ｱｲﾁｹﾝ,日進市,ﾆｯｼﾝｼ
232319,愛知県,ｱｲﾁｹﾝ,田原市,ﾀﾊﾗｼ
232327,愛知県,ｱｲﾁｹﾝ,愛西市,ｱｲｻｲｼ
232335,愛知県,ｱｲﾁｹﾝ,清須市,ｷﾖｽｼ
232343,愛知県,ｱｲﾁｹﾝ,北名古屋市,ｷﾀﾅｺﾞﾔｼ
232351,愛知県,ｱｲﾁｹﾝ,弥富市,ﾔﾄﾐｼ
232360,愛知県,ｱｲﾁｹﾝ,みよし市,ﾐﾖｼｼ
232378,愛知県,ｱｲﾁｹﾝ,あま市,ｱﾏｼ
232386,愛知県,ｱｲﾁｹﾝ,長久手市,ﾅｶﾞｸﾃｼ
233021,愛知県,ｱｲﾁｹﾝ,東郷町,ﾄｳｺﾞｳﾁｮｳ
233421,愛知県,ｱｲﾁｹﾝ,豊山町,ﾄﾖﾔﾏﾁｮｳ
233617,愛知県,ｱｲﾁｹﾝ,大口町,ｵｵｸﾞﾁﾁｮｳ
233625,愛知県,ｱｲﾁｹﾝ,扶桑町,ﾌｿｳﾁｮｳ
234249,愛知県,ｱｲﾁｹﾝ,大治町,ｵｵﾊﾙﾁｮｳ
234257,愛知県,ｱｲﾁｹﾝ,蟹江町,ｶﾆｴﾁｮｳ
234273,愛知県,ｱｲﾁｹﾝ,飛島村,ﾄﾋﾞｼﾏﾑﾗ
234419,愛知県,ｱｲﾁｹﾝ,阿久比町,ｱｸﾞｲﾁｮｳ
234427,愛知県,ｱｲﾁｹﾝ,東浦町,ﾋｶﾞｼｳﾗﾁｮｳ
234451,愛知県,ｱｲﾁｹﾝ,南知多町,ﾐﾅﾐﾁﾀﾁｮｳ
234460,愛知県,ｱｲﾁｹﾝ,美浜町,ﾐﾊﾏﾁｮｳ
234478,愛知県,ｱｲﾁｹﾝ,武豊町,ﾀｹﾄﾖﾁｮｳ
235016,愛知県,ｱｲﾁｹﾝ,幸田町,ｺｳﾀﾁｮｳ
235610,愛知県,ｱｲﾁｹﾝ,設楽町,ｼﾀﾗﾁｮｳ
235628,愛知県,ｱｲﾁｹﾝ,東栄町,ﾄｳｴｲﾁｮｳ
235636,愛知県,ｱｲﾁｹﾝ,豊根村,ﾄﾖﾈﾑﾗ
240001,三重県,ﾐｴｹﾝ,,
242012,三重県,ﾐｴｹﾝ,津市,ﾂｼ
242021,三重県,ﾐｴｹﾝ,四日市市,ﾖｯｶｲﾁｼ
242039,三重県,ﾐｴｹﾝ,伊勢市,ｲｾｼ
242047,三重県,ﾐｴｹﾝ,松阪市,ﾏﾂｻｶｼ
242055,三重県,ﾐｴｹﾝ,桑名市,ｸﾜﾅｼ
242071,三重県,ﾐｴｹﾝ,鈴鹿市,ｽｽﾞｶｼ
242080,三重県,ﾐｴｹﾝ,名張市,ﾅﾊﾞﾘｼ
242098,三重県,ﾐｴｹﾝ,尾鷲市,ｵﾜｾｼ
242101,三重県,ﾐｴｹﾝ,亀山市,ｶﾒﾔﾏｼ
242110,三重県,ﾐｴｹﾝ,鳥羽市,ﾄﾊﾞｼ
242128,三重県,ﾐｴｹﾝ,熊野市,ｸﾏﾉｼ
242144,三重県,ﾐｴｹﾝ,いなべ市,ｲﾅﾍﾞｼ
242152,三重県,ﾐｴｹﾝ,志摩市,ｼﾏｼ
242161,三重県,ﾐｴｹﾝ,伊賀市,ｲｶﾞｼ
243035,三重県,ﾐｴｹﾝ,木曽岬町,ｷｿｻｷﾁｮｳ
243248,三重県,ﾐｴｹﾝ,東員町,ﾄｳｲﾝﾁｮｳ
243418,三重県,ﾐｴｹﾝ,菰野町,ｺﾓﾉﾁｮｳ
243434,三重県,ﾐｴｹﾝ,朝日町,ｱｻﾋﾁｮｳ
243442,三重県,ﾐｴｹﾝ,川越町,ｶﾜｺﾞｴﾁｮｳ
244414,三重県,ﾐｴｹﾝ,多気町,ﾀｷﾁｮｳ
244422,三重県,ﾐｴｹﾝ,明和町,ﾒｲﾜﾁｮｳ
244431,三重県,ﾐｴｹﾝ,大台町,ｵｵﾀﾞｲﾁｮｳ
244619,三重県,ﾐｴｹﾝ,玉城町,ﾀﾏｷﾁｮｳ
244708,三重県,ﾐｴｹﾝ,度会町,ﾜﾀﾗｲﾁｮｳ
244716,三重県,ﾐｴｹﾝ,大紀町,ﾀｲｷﾁｮｳ
244724,三重県,ﾐｴｹﾝ,南伊勢町,ﾐﾅﾐｲｾﾁｮｳ
245437,三重県,ﾐｴｹﾝ,紀北町,ｷﾎｸﾁｮｳ
245615,三重県,ﾐｴｹﾝ,御浜町,ﾐﾊﾏﾁｮｳ
245623,三重県,ﾐｴｹﾝ,紀宝町,ｷﾎｳﾁｮｳ
250007,滋賀県,ｼｶﾞｹﾝ,,
252018,滋賀県,ｼｶﾞｹﾝ,大津市,ｵｵﾂｼ
252026,滋賀県,ｼｶﾞｹﾝ,彦根市,ﾋｺﾈｼ
252034,滋賀県,ｼｶﾞｹﾝ,長浜市,ﾅｶﾞﾊﾏｼ
252042,滋賀県,ｼｶﾞｹﾝ,近江八幡市,ｵｳﾐﾊﾁﾏﾝｼ
252069,滋賀県,ｼｶﾞｹﾝ,草津市,ｸｻﾂｼ
252077,滋賀県,ｼｶﾞｹﾝ,守山市,ﾓﾘﾔﾏｼ
252085,滋賀県,ｼｶﾞｹﾝ,栗東市,ﾘｯﾄｳｼ
252093,滋賀県,ｼｶﾞｹﾝ,甲賀市,ｺｳｶｼ
252107,滋賀県,ｼｶﾞｹﾝ,野洲市,ﾔｽｼ
252115,滋賀県,ｼｶﾞｹﾝ,湖南市,ｺﾅﾝｼ
252123,滋賀県,ｼｶﾞｹﾝ,高島市,ﾀｶｼﾏｼ
252131,滋賀県,ｼｶﾞｹﾝ,東近江市,ﾋｶﾞｼｵｳﾐｼ
252140,滋賀県,ｼｶﾞｹﾝ,米原市,ﾏｲﾊﾞﾗｼ
253839,滋賀県,ｼｶﾞｹﾝ,日野町,ﾋﾉﾁｮｳ
253847,滋賀県,ｼｶﾞｹﾝ,竜王町,ﾘﾕｳｵｳﾁｮｳ
254258,滋賀県,ｼｶﾞｹﾝ,愛荘町,ｱｲｼｮｳﾁｮｳ
254410,滋賀県,ｼｶﾞｹﾝ,豊郷町,ﾄﾖｻﾄﾁｮｳ
254428,滋賀県,ｼｶﾞｹﾝ,甲良町,ｺｳﾗﾁｮｳ
254436,滋賀県,ｼｶﾞｹﾝ,多賀町,ﾀｶﾞﾁｮｳ
260002,京都府,ｷｮｳﾄﾌ,,
261009,京都府,ｷｮｳﾄﾌ,京都市,ｷｮｳﾄｼ
262013,京都府,ｷｮｳﾄﾌ,福知山市,ﾌｸﾁﾔﾏｼ
262021,京都府,ｷｮｳﾄﾌ,舞鶴市,ﾏｲﾂﾞﾙｼ
262030,京都府,ｷｮｳﾄﾌ,綾部市,ｱﾔﾍﾞｼ
262048,京都府,ｷｮｳﾄﾌ,宇治市,ｳｼﾞｼ
262056,京都府,ｷｮｳﾄﾌ,宮津市,ﾐﾔﾂﾞｼ
262064,京都府,ｷｮｳﾄﾌ,亀岡市,ｶﾒｵｶｼ
262072,京都府,ｷｮｳﾄﾌ,城陽市,ｼﾞｮｳﾖｳｼ
262081,京都府,ｷｮｳﾄﾌ,向日市,ﾑｺｳｼ
262099,京都府,ｷｮｳﾄﾌ,長岡京市,ﾅｶﾞｵｶｷｮｳｼ
262102,京都府,ｷｮｳﾄﾌ,八幡市,ﾔﾜﾀｼ
262111,京都府,ｷｮｳﾄﾌ,京田辺市,ｷｮｳﾀﾅﾍﾞｼ
262129,京都府,ｷｮｳﾄﾌ,京丹後市,ｷｮｳﾀﾝｺﾞｼ
262137,京都府,ｷｮｳﾄﾌ,南丹市,ﾅﾝﾀﾝｼ
262145,京都府,ｷｮｳﾄﾌ,木津川市,ｷﾂﾞｶﾞﾜｼ
263036,京都府,ｷｮｳﾄﾌ,大山崎町,ｵｵﾔﾏｻﾞｷﾁｮｳ
263222,京都府,ｷｮｳﾄﾌ,久御山町,ｸﾐﾔﾏﾁｮｳ
263435,京都府,ｷｮｳﾄﾌ,井手町,ｲﾃﾞﾁｮｳ
263443,京都府,ｷｮｳﾄﾌ,宇治田原町,ｳｼﾞﾀﾜﾗﾁｮｳ
263648,京都府,ｷｮｳﾄﾌ,笠置町,ｶｻｷﾞﾁｮｳ
263656,京都府,ｷｮｳﾄﾌ,和束町,ﾜﾂﾞｶﾁｮｳ
263664,京都府,ｷｮｳﾄﾌ,精華町,ｾｲｶﾁｮｳ
263672,京都府,ｷｮｳﾄﾌ,南山城村,ﾐﾅﾐﾔﾏｼﾛﾑﾗ
264075,京都府,ｷｮｳﾄﾌ,京丹波町,ｷｮｳﾀﾝﾊﾞﾁｮｳ
264636,京都府,ｷｮｳﾄﾌ,伊根町,ｲﾈﾁｮｳ
264652,京都府,ｷｮｳﾄﾌ,与謝野町,ﾖｻﾉﾁｮｳ
270008,大阪府,ｵｵｻｶﾌ,,
271004,大阪府,ｵｵｻｶﾌ,大阪市,ｵｵｻｶｼ
271403,大阪府,ｵｵｻｶﾌ,堺市,ｻｶｲｼ
272027,大阪府,ｵｵｻｶﾌ,岸和田市,ｷｼﾜﾀﾞｼ
272035,大阪府,ｵｵｻｶﾌ,豊中市,ﾄﾖﾅｶｼ
272043,大阪府,ｵｵｻｶﾌ,池田市,ｲｹﾀﾞｼ
272051,大阪府,ｵｵｻｶﾌ,吹田市,ｽｲﾀｼ
272060,大阪府,ｵｵｻｶﾌ,泉大津市,ｲｽﾞﾐｵｵﾂｼ
272078,大阪府,ｵｵｻｶﾌ,高槻市,ﾀｶﾂｷｼ
272086,大阪府,ｵｵｻｶﾌ,貝塚市,ｶｲﾂﾞｶｼ
272094,大阪府,ｵｵｻｶﾌ,守口市,ﾓﾘｸﾞﾁｼ
272108,大阪府,ｵｵｻｶﾌ,枚方市,ﾋﾗｶﾀｼ
272116,大阪府,ｵｵｻｶﾌ,茨木市,ｲﾊﾞﾗｷｼ
272124,大阪府,ｵｵｻｶﾌ,八尾市,ﾔｵｼ
272132,大阪府,ｵｵｻｶﾌ,泉佐野市,ｲｽﾞﾐｻﾉｼ
272141,大阪府,ｵｵｻｶﾌ,富田林市,ﾄﾝﾀﾞﾊﾞﾔｼｼ
272159,大阪府,ｵｵｻｶﾌ,寝屋川市,ﾈﾔｶﾞﾜｼ
272167,大阪府,ｵｵｻｶﾌ,河内長野市,ｶﾜﾁﾅｶﾞﾉｼ
272175,大阪府,ｵｵｻｶﾌ,松原市,ﾏﾂﾊﾞﾗｼ
272183,大阪府,ｵｵｻｶﾌ,大東市,ﾀﾞｲﾄｳｼ
272191,大阪府,ｵｵｻｶﾌ,和泉市,ｲｽﾞﾐｼ
272205,大阪府,ｵｵｻｶﾌ,箕面市,ﾐﾉｵｼ
272213,大阪府,ｵｵｻｶﾌ,柏原市,ｶｼﾜﾗｼ
272221,大阪府,ｵｵｻｶﾌ,羽曳野市,ﾊﾋﾞｷﾉｼ
272230,大阪府,ｵｵｻｶﾌ,門真市,ｶﾄﾞﾏｼ
272248,大阪府,ｵｵｻｶﾌ,摂津市,ｾｯﾂｼ
272256,大阪府,ｵｵｻｶﾌ,高石市,ﾀｶｲｼｼ
272264,大阪府,ｵｵｻｶﾌ,藤井寺市,ﾌｼﾞｲﾃﾞﾗｼ
272272,大阪府,ｵｵｻｶﾌ,東大阪市,ﾋｶﾞｼｵｵｻｶｼ
272281,大阪府,ｵｵｻｶﾌ,泉南市,ｾﾝﾅﾝｼ
272299,大阪府,ｵｵｻｶﾌ,四條畷市,ｼｼﾞﾖｳﾅﾜﾃｼ
272302,大阪府,ｵｵｻｶﾌ,交野市,ｶﾀﾉｼ
272311,大阪府,ｵｵｻｶﾌ,大阪狭山市,ｵｵｻｶｻﾔﾏｼ
272329,大阪府,ｵｵｻｶﾌ,阪南市,ﾊﾝﾅﾝｼ
273015,大阪府,ｵｵｻｶﾌ,島本町,ｼﾏﾓﾄﾁｮｳ
273210,大阪府,ｵｵｻｶﾌ,豊能町,ﾄﾖﾉﾁｮｳ
273228,大阪府,ｵｵｻｶﾌ,能勢町,ﾉｾﾁｮｳ
273414,大阪府,ｵｵｻｶﾌ,忠岡町,ﾀﾀﾞｵｶﾁｮｳ
273619,大阪府,ｵｵｻｶﾌ,熊取町,ｸﾏﾄﾘﾁｮｳ
273627,大阪府,ｵｵｻｶﾌ,田尻町,ﾀｼﾞﾘﾁｮｳ
273660,大阪府,ｵｵｻｶﾌ,岬町,ﾐｻｷﾁｮｳ
273813,大阪府,ｵｵｻｶﾌ,太子町,ﾀｲｼﾁｮｳ
273821,大阪府,ｵｵｻｶﾌ,河南町,ｶﾅﾝﾁｮｳ
273830,大阪府,ｵｵｻｶﾌ,千早赤阪村,ﾁﾊﾔｱｶｻｶﾑﾗ
280003,兵庫県,ﾋｮｳｺﾞｹﾝ,,
281000,兵庫県,ﾋｮｳｺﾞｹﾝ,神戸市,ｺｳﾍﾞｼ
282014,兵庫県,ﾋｮｳｺﾞｹﾝ,姫路市,ﾋﾒｼﾞｼ
282022,兵庫県,ﾋｮｳｺﾞｹﾝ,尼崎市,ｱﾏｶﾞｻｷｼ
282031,兵庫県,ﾋｮｳｺﾞｹﾝ,明石市,ｱｶｼｼ
282049,兵庫県,ﾋｮｳｺﾞｹﾝ,西宮市,ﾆｼﾉﾐﾔｼ
282057,兵庫県,ﾋｮｳｺﾞｹﾝ,洲本市,ｽﾓﾄｼ
282065,兵庫県,ﾋｮｳｺﾞｹﾝ,芦屋市,ｱｼﾔｼ
282073,兵庫県,ﾋｮｳｺﾞｹﾝ,伊丹市,ｲﾀﾐｼ
282081,兵庫県,ﾋｮｳｺﾞｹﾝ,相生市,ｱｲｵｲｼ
282090,兵庫県,ﾋｮｳｺﾞｹﾝ,豊岡市,ﾄﾖｵｶｼ
282103,兵庫県,ﾋｮｳｺﾞｹﾝ,加古川市,ｶｺｶﾞﾜｼ
282120,兵庫県,ﾋｮｳｺﾞｹﾝ,赤穂市,ｱｺｳｼ
282138,兵庫県,ﾋｮｳｺﾞｹﾝ,西脇市,ﾆｼﾜｷｼ
282146,兵庫県,ﾋｮｳｺﾞｹﾝ,宝塚市,ﾀｶﾗﾂﾞｶｼ
282154,兵庫県,ﾋｮｳｺﾞｹﾝ,三木市,ﾐｷｼ
282162,兵庫県,ﾋｮｳｺﾞｹﾝ,高砂市,ﾀｶｻｺﾞｼ
282171,兵庫県,ﾋｮｳｺﾞｹﾝ,川西市,ｶﾜﾆｼｼ
282189,兵庫県,ﾋｮｳｺﾞｹﾝ,小野市,ｵﾉｼ
282197,兵庫県,ﾋｮｳｺﾞｹﾝ,三田市,ｻﾝﾀﾞｼ
282201,兵庫県,ﾋｮｳｺﾞｹﾝ,加西市,ｶｻｲｼ
282219,兵庫県,ﾋｮｳｺﾞｹﾝ,丹波篠山市,ﾀﾝﾊﾞｻｻﾔﾏｼ
282227,兵庫県,ﾋｮｳｺﾞｹﾝ,養父市,ﾔﾌﾞｼ
282235,兵庫県,ﾋｮｳｺﾞｹﾝ,丹波市,ﾀﾝﾊﾞｼ
282243,兵庫県,ﾋｮｳｺﾞｹﾝ,南あわじ市,ﾐﾅﾐｱﾜｼﾞｼ
282251,兵庫県,ﾋｮｳｺﾞｹﾝ,朝来市,ｱｻｺﾞｼ
282260,兵庫県,ﾋｮｳｺﾞｹﾝ,淡路市,ｱﾜｼﾞｼ
282278,兵庫県,ﾋｮｳｺﾞｹﾝ,宍粟市,ｼｿｳｼ
282286,兵庫県,ﾋｮｳｺﾞｹﾝ,加東市,ｶﾄｳｼ
282294,兵庫県,ﾋｮｳｺﾞｹﾝ,たつの市,ﾀﾂﾉｼ
283011,兵庫県,ﾋｮｳｺﾞｹﾝ,猪名川町,ｲﾅｶﾞﾜﾁｮｳ
283657,兵庫県,ﾋｮｳｺﾞｹﾝ,多可町,ﾀｶﾁｮｳ
283819,兵庫県,ﾋｮｳｺﾞｹﾝ,稲美町,ｲﾅﾐﾁｮｳ
283827,兵庫県,ﾋｮｳｺﾞｹﾝ,播磨町,ﾊﾘﾏﾁｮｳ
284424,兵庫県,ﾋｮｳｺﾞｹﾝ,市川町,ｲﾁｶﾜﾁｮｳ
284432,兵庫県,ﾋｮｳｺﾞｹﾝ,福崎町,ﾌｸｻｷﾁｮｳ
284467,兵庫県,ﾋｮｳｺﾞｹﾝ,神河町,ｶﾐｶﾜﾁｮｳ
284645,兵庫県,ﾋｮｳｺﾞｹﾝ,太子町,ﾀｲｼﾁｮｳ
284815,兵庫県,ﾋｮｳｺﾞｹﾝ,上郡町,ｶﾐｺﾞｵﾘﾁｮｳ
285013,兵庫県,ﾋｮｳｺﾞｹﾝ,佐用町,ｻﾖｳﾁｮｳ
285854,兵庫県,ﾋｮｳｺﾞｹﾝ,香美町,ｶﾐﾁｮｳ
285862,兵庫県,ﾋｮｳｺﾞｹﾝ,新温泉町,ｼﾝｵﾝｾﾝﾁｮｳ
290009,奈良県,ﾅﾗｹﾝ,,
292010,奈良県,ﾅﾗｹﾝ,奈良市,ﾅﾗｼ
292028,奈良県,ﾅﾗｹﾝ,大和高田市,ﾔﾏﾄﾀｶﾀﾞｼ
292036,奈良県,ﾅﾗｹﾝ,大和郡山市,ﾔﾏﾄｺｵﾘﾔﾏｼ
292044,奈良県,ﾅﾗｹﾝ,天理市,ﾃﾝﾘｼ
292052,奈良県,ﾅﾗｹﾝ,橿原市,ｶｼﾊﾗｼ
292061,奈良県,ﾅﾗｹﾝ,桜井市,ｻｸﾗｲｼ
292079,奈良県,ﾅﾗｹﾝ,五條市,ｺﾞｼﾞｮｳｼ
292087,奈良県,ﾅﾗｹﾝ,御所市,ｺﾞｾｼ
292095,奈良県,ﾅﾗｹﾝ,生駒市,ｲｺﾏｼ
292109,奈良県,ﾅﾗｹﾝ,香芝市,ｶｼﾊﾞｼ
292117,奈良県,ﾅﾗｹﾝ,葛城市,ｶﾂﾗｷﾞｼ
292125,奈良県,ﾅﾗｹﾝ,宇陀市,ｳﾀﾞｼ
293229,奈良県,ﾅﾗｹﾝ,山添村,ﾔﾏｿﾞｴﾑﾗ
293423,奈良県,ﾅﾗｹﾝ,平群町,ﾍｸﾞﾘﾁｮｳ
293431,奈良県,ﾅﾗｹﾝ,三郷町,ｻﾝｺﾞｳﾁｮｳ
293440,奈良県,ﾅﾗｹﾝ,斑鳩町,ｲｶﾙｶﾞﾁｮｳ
293458,奈良県,ﾅﾗｹﾝ,安堵町,ｱﾝﾄﾞﾁｮｳ
293610,奈良県,ﾅﾗｹﾝ,川西町,ｶﾜﾆｼﾁｮｳ
293628,奈良県,ﾅﾗｹﾝ,三宅町,ﾐﾔｹﾁｮｳ
293636,奈良県,ﾅﾗｹﾝ,田原本町,ﾀﾜﾗﾓﾄﾁｮｳ
293857,奈良県,ﾅﾗｹﾝ,曽爾村,ｿﾆﾑﾗ
293865,奈良県,ﾅﾗｹﾝ,御杖村,ﾐﾂｴﾑﾗ
294012,奈良県,ﾅﾗｹﾝ,高取町,ﾀｶﾄﾘﾁｮｳ
294021,奈良県,ﾅﾗｹﾝ,明日香村,ｱｽｶﾑﾗ
294241,奈良県,ﾅﾗｹﾝ,上牧町,ｶﾝﾏｷﾁｮｳ
294250,奈良県,ﾅﾗｹﾝ,王寺町,ｵｳｼﾞﾁｮｳ
294268,奈良県,ﾅﾗｹﾝ,広陵町,ｺｳﾘﾖｳﾁｮｳ
294276,奈良県,ﾅﾗｹﾝ,河合町,ｶﾜｲﾁｮｳ
294411,奈良県,ﾅﾗｹﾝ,吉野町,ﾖｼﾉﾁｮｳ
294420,奈良県,ﾅﾗｹﾝ,大淀町,ｵｵﾖﾄﾞﾁｮｳ
294438,奈良県,ﾅﾗｹﾝ,下市町,ｼﾓｲﾁﾁｮｳ
294446,奈良県,ﾅﾗｹﾝ,黒滝村,ｸﾛﾀｷﾑﾗ
294462,奈良県,ﾅﾗｹﾝ,天川村,ﾃﾝｶﾜﾑﾗ
294471,奈良県,ﾅﾗｹﾝ,野迫川村,ﾉｾｶﾞﾜﾑﾗ
294497,奈良県,ﾅﾗｹﾝ,十津川村,ﾄﾂｶﾜﾑﾗ
294501,奈良県,ﾅﾗｹﾝ,下北山村,ｼﾓｷﾀﾔﾏﾑﾗ
294519,奈良県,ﾅﾗｹﾝ,上北山村,ｶﾐｷﾀﾔﾏﾑﾗ
294527,奈良県,ﾅﾗｹﾝ,川上村,ｶﾜｶﾐﾑﾗ
294535,奈良県,ﾅﾗｹﾝ,東吉野村,ﾋｶﾞｼﾖｼﾉﾑﾗ
300004,和歌山県,ﾜｶﾔﾏｹﾝ,,
302015,和歌山県,ﾜｶﾔﾏｹﾝ,和歌山市,ﾜｶﾔﾏｼ
302023,和歌山県,ﾜｶﾔﾏｹﾝ,海南市,ｶｲﾅﾝｼ
302031,和歌山県,ﾜｶﾔﾏｹﾝ,橋本市,ﾊｼﾓﾄｼ
302040,和歌山県,ﾜｶﾔﾏｹﾝ,有田市,ｱﾘﾀﾞｼ
302058,和歌山県,ﾜｶﾔﾏｹﾝ,御坊市,ｺﾞﾎﾞｳｼ
302066,和歌山県,ﾜｶﾔﾏｹﾝ,田辺市,ﾀﾅﾍﾞｼ
302074,和歌山県,ﾜｶﾔﾏｹﾝ,新宮市,ｼﾝｸﾞｳｼ
302082,和歌山県,ﾜｶﾔﾏｹﾝ,紀の川市,ｷﾉｶﾜｼ
302091,和歌山県,ﾜｶﾔﾏｹﾝ,岩出市,ｲﾜﾃﾞｼ
303046,和歌山県,ﾜｶﾔﾏｹﾝ,紀美野町,ｷﾐﾉﾁｮｳ
303411,和歌山県,ﾜｶﾔﾏｹﾝ,かつらぎ町,ｶﾂﾗｷﾞﾁｮｳ
303437,和歌山県,ﾜｶﾔﾏｹﾝ,九度山町,ｸﾄﾞﾔﾏﾁｮｳ
303445,和歌山県,ﾜｶﾔﾏｹﾝ,高野町,ｺｳﾔﾁｮｳ
303615,和歌山県,ﾜｶﾔﾏｹﾝ,湯浅町,ﾕｱｻﾁｮｳ
303623,和歌山県,ﾜｶﾔﾏｹﾝ,広川町,ﾋﾛｶﾞﾜﾁｮｳ
303666,和歌山県,ﾜｶﾔﾏｹﾝ,有田川町,ｱﾘﾀﾞｶﾞﾜﾁｮｳ
303810,和歌山県,ﾜｶﾔﾏｹﾝ,美浜町,ﾐﾊﾏﾁｮｳ
303828,和歌山県,ﾜｶﾔﾏｹﾝ,日高町,ﾋﾀﾞｶﾁｮｳ
303836,和歌山県,ﾜｶﾔﾏｹﾝ,由良町,ﾕﾗﾁｮｳ
303909,和歌山県,ﾜｶﾔﾏｹﾝ,印南町,ｲﾅﾐﾁｮｳ
303917,和歌山県,ﾜｶﾔﾏｹﾝ,みなべ町,ﾐﾅﾍﾞﾁｮｳ
303925,和歌山県,ﾜｶﾔﾏｹﾝ,日高川町,ﾋﾀﾞｶｶﾞﾜﾁｮｳ
304018,和歌山県,ﾜｶﾔﾏｹﾝ,白浜町,ｼﾗﾊﾏﾁｮｳ
304042,和歌山県,ﾜｶﾔﾏｹﾝ,上富田町,ｶﾐﾄﾝﾀﾞﾁｮｳ
304069,和歌山県,ﾜｶﾔﾏｹﾝ,すさみ町,ｽｻﾐﾁｮｳ
304212,和歌山県,ﾜｶﾔﾏｹﾝ,那智勝浦町,ﾅﾁｶﾂｳﾗﾁｮｳ
304221,和歌山県,ﾜｶﾔﾏｹﾝ,太地町,ﾀｲｼﾞﾁｮｳ
304247,和歌山県,ﾜｶﾔﾏｹﾝ,古座川町,ｺｻﾞｶﾞﾜﾁｮｳ
304271,和歌山県,ﾜｶﾔﾏｹﾝ,北山村,ｷﾀﾔﾏﾑﾗ
304280,和歌山県,ﾜｶﾔﾏｹﾝ,串本町,ｸｼﾓﾄﾁｮｳ
310000,鳥取県,ﾄｯﾄﾘｹﾝ,,
312011,鳥取県,ﾄｯﾄﾘｹﾝ,鳥取市,ﾄｯﾄﾘｼ
312029,鳥取県,ﾄｯﾄﾘｹﾝ,米子市,ﾖﾅｺﾞｼ
312037,鳥取県,ﾄｯﾄﾘｹﾝ,倉吉市,ｸﾗﾖｼｼ
312045,鳥取県,ﾄｯﾄﾘｹﾝ,境港市,ｻｶｲﾐﾅﾄｼ
313025,鳥取県,ﾄｯﾄﾘｹﾝ,岩美町,ｲﾜﾐﾁｮｳ
313254,鳥取県,ﾄｯﾄﾘｹﾝ,若桜町,ﾜｶｻﾁｮｳ
313289,鳥取県,ﾄｯﾄﾘｹﾝ,智頭町,ﾁﾂﾞﾁｮｳ
313297,鳥取県,ﾄｯﾄﾘｹﾝ,八頭町,ﾔｽﾞﾁｮｳ
313645,鳥取県,ﾄｯﾄﾘｹﾝ,三朝町,ﾐｻｻﾁｮｳ
313700,鳥取県,ﾄｯﾄﾘｹﾝ,湯梨浜町,ﾕﾘﾊﾏﾁｮｳ
313718,鳥取県,ﾄｯﾄﾘｹﾝ,琴浦町,ｺﾄｳﾗﾁｮｳ
313726,鳥取県,ﾄｯﾄﾘｹﾝ,北栄町,ﾎｸｴｲﾁｮｳ
313840,鳥取県,ﾄｯﾄﾘｹﾝ,日吉津村,ﾋｴﾂﾞｿﾝ
313866,鳥取県,ﾄｯﾄﾘｹﾝ,大山町,ﾀﾞｲｾﾝﾁｮｳ
313891,鳥取県,ﾄｯﾄﾘｹﾝ,南部町,ﾅﾝﾌﾞﾁｮｳ
313904,鳥取県,ﾄｯﾄﾘｹﾝ,伯耆町,ﾎｳｷﾁｮｳ
314013,鳥取県,ﾄｯﾄﾘｹﾝ,日南町,ﾆﾁﾅﾝﾁｮｳ
314021,鳥取県,ﾄｯﾄﾘｹﾝ,日野町,ﾋﾉﾁｮｳ
314030,鳥取県,ﾄｯﾄﾘｹﾝ,江府町,ｺｳﾌﾁｮｳ
320005,島根県,ｼﾏﾈｹﾝ,,
322016,島根県,ｼﾏﾈｹﾝ,松江市,ﾏﾂｴｼ
322024,島根県,ｼﾏﾈｹﾝ,浜田市,ﾊﾏﾀﾞｼ
322032,島根県,ｼﾏﾈｹﾝ,出雲市,ｲｽﾞﾓｼ
322041,島根県,ｼﾏﾈｹﾝ,益田市,ﾏｽﾀﾞｼ
322059,島根県,ｼﾏﾈｹﾝ,大田市,ｵｵﾀﾞｼ
322067,島根県,ｼﾏﾈｹﾝ,安来市,ﾔｽｷﾞｼ
322075,島根県,ｼﾏﾈｹﾝ,江津市,ｺﾞｳﾂｼ
322091,島根県,ｼﾏﾈｹﾝ,雲南市,ｳﾝﾅﾝｼ
323438,島根県,ｼﾏﾈｹﾝ,奥出雲町,ｵｸｲｽﾞﾓﾁｮｳ
323861,島根県,ｼﾏﾈｹﾝ,飯南町,ｲｲﾅﾝﾁｮｳ
324418,島根県,ｼﾏﾈｹﾝ,川本町,ｶﾜﾓﾄﾏﾁ
324485,島根県,ｼﾏﾈｹﾝ,美郷町,ﾐｻﾄﾁｮｳ
324493,島根県,ｼﾏﾈｹﾝ,邑南町,ｵｵﾅﾝﾁｮｳ
325015,島根県,ｼﾏﾈｹﾝ,津和野町,ﾂﾜﾉﾁｮｳ
325058,島根県,ｼﾏﾈｹﾝ,吉賀町,ﾖｼｶﾁｮｳ
325252,島根県,ｼﾏﾈｹﾝ,海士町,ｱﾏﾁｮｳ
325261,島根県,ｼﾏﾈｹﾝ,西ノ島町,ﾆｼﾉｼﾏﾁｮｳ
325279,島根県,ｼﾏﾈｹﾝ,知夫村,ﾁﾌﾞﾑﾗ
325287,島根県,ｼﾏﾈｹﾝ,隠岐の島町,ｵｷﾉｼﾏﾁｮｳ
330001,岡山県,ｵｶﾔﾏｹﾝ,,
331007,岡山県,ｵｶﾔﾏｹﾝ,岡山市,ｵｶﾔﾏｼ
332020,岡山県,ｵｶﾔﾏｹﾝ,倉敷市,ｸﾗｼｷｼ
332038,岡山県,ｵｶﾔﾏｹﾝ,津山市,ﾂﾔﾏｼ
332046,岡山県,ｵｶﾔﾏｹﾝ,玉野市,ﾀﾏﾉｼ
332054,岡山県,ｵｶﾔﾏｹﾝ,笠岡市,ｶｻｵｶｼ
332071,岡山県,ｵｶﾔﾏｹﾝ,井原市,ｲﾊﾞﾗｼ
332089,岡山県,ｵｶﾔﾏｹﾝ,総社市,ｿｳｼﾞﾔｼ
332097,岡山県,ｵｶﾔﾏｹﾝ,高梁市,ﾀｶﾊｼｼ
332101,岡山県,ｵｶﾔﾏｹﾝ,新見市,ﾆｲﾐｼ
332119,岡山県,ｵｶﾔﾏｹﾝ,備前市,ﾋﾞｾﾞﾝｼ
332127,岡山県,ｵｶﾔﾏｹﾝ,瀬戸内市,ｾﾄｳﾁｼ
332135,岡山県,ｵｶﾔﾏｹﾝ,赤磐市,ｱｶｲﾜｼ
332143,岡山県,ｵｶﾔﾏｹﾝ,真庭市,ﾏﾆﾜｼ
332151,岡山県,ｵｶﾔﾏｹﾝ,美作市,ﾐﾏｻｶｼ
332160,岡山県,ｵｶﾔﾏｹﾝ,浅口市,ｱｻｸﾁｼ
333468,岡山県,ｵｶﾔﾏｹﾝ,和気町,ﾜｹﾁｮｳ
334235,岡山県,ｵｶﾔﾏｹﾝ,早島町,ﾊﾔｼﾏﾁｮｳ
334456,岡山県,ｵｶﾔﾏｹﾝ,里庄町,ｻﾄｼｮｳﾁｮｳ
334618,岡山県,ｵｶﾔﾏｹﾝ,矢掛町,ﾔｶｹﾞﾁｮｳ
335860,岡山県,ｵｶﾔﾏｹﾝ,新庄村,ｼﾝｼﾞﾖｳｿﾝ
336068,岡山県,ｵｶﾔﾏｹﾝ,鏡野町,ｶｶﾞﾐﾉﾁｮｳ
336220,岡山県,ｵｶﾔﾏｹﾝ,勝央町,ｼｮｳｵｳﾁｮｳ
336238,岡山県,ｵｶﾔﾏｹﾝ,奈義町,ﾅｷﾞﾁｮｳ
336432,岡山県,ｵｶﾔﾏｹﾝ,西粟倉村,ﾆｼｱﾜｸﾗｿﾝ
336637,岡山県,ｵｶﾔﾏｹﾝ,久米南町,ｸﾒﾅﾝﾁｮｳ
336661,岡山県,ｵｶﾔﾏｹﾝ,美咲町,ﾐｻｷﾁｮｳ
336815,岡山県,ｵｶﾔﾏｹﾝ,吉備中央町,ｷﾋﾞﾁｭｳｵｳﾁｮｳ
340006,広島県,ﾋﾛｼﾏｹﾝ,,
341002,広島県,ﾋﾛｼﾏｹﾝ,広島市,ﾋﾛｼﾏｼ
342025,広島県,ﾋﾛｼﾏｹﾝ,呉市,ｸﾚｼ
342033,広島県,ﾋﾛｼﾏｹﾝ,竹原市,ﾀｹﾊﾗｼ
342041,広島県,ﾋﾛｼﾏｹﾝ,三原市,ﾐﾊﾗｼ
342050,広島県,ﾋﾛｼﾏｹﾝ,尾道市,ｵﾉﾐﾁｼ
342076,広島県,ﾋﾛｼﾏｹﾝ,福山市,ﾌｸﾔﾏｼ
342084,広島県,ﾋﾛｼﾏｹﾝ,府中市,ﾌﾁｭｳｼ
342092,広島県,ﾋﾛｼﾏｹﾝ,三次市,ﾐﾖｼｼ
342106,広島県,ﾋﾛｼﾏｹﾝ,庄原市,ｼｮｳﾊﾞﾗｼ
342114,広島県,ﾋﾛｼﾏｹﾝ,大竹市,ｵｵﾀｹｼ
342122,広島県,ﾋﾛｼﾏｹﾝ,東広島市,ﾋｶﾞｼﾋﾛｼﾏｼ
342131,広島県,ﾋﾛｼﾏｹﾝ,廿日市市,ﾊﾂｶｲﾁｼ
342149,広島県,ﾋﾛｼﾏｹﾝ,安芸高田市,ｱｷﾀｶﾀｼ
342157,広島県,ﾋﾛｼﾏｹﾝ,江田島市,ｴﾀｼﾞﾏｼ
343021,広島県,ﾋﾛｼﾏｹﾝ,府中町,ﾌﾁｭｳﾁｮｳ
343048,広島県,ﾋﾛｼﾏｹﾝ,海田町,ｶｲﾀﾁｮｳ
343072,広島県,ﾋﾛｼﾏｹﾝ,熊野町,ｸﾏﾉﾁｮｳ
343099,広島県,ﾋﾛｼﾏｹﾝ,坂町,ｻｶﾁｮｳ
343684,広島県,ﾋﾛｼﾏｹﾝ,安芸太田町,ｱｷｵｵﾀﾁｮｳ
343692,広島県,ﾋﾛｼﾏｹﾝ,北広島町,ｷﾀﾋﾛｼﾏﾁｮｳ
344311,広島県,ﾋﾛｼﾏｹﾝ,大崎上島町,ｵｵｻｷｶﾐｼﾞﾏﾁｮｳ
344621,広島県,ﾋﾛｼﾏｹﾝ,世羅町,ｾﾗﾁｮｳ
345458,広島県,ﾋﾛｼﾏｹﾝ,神石高原町,ｼﾞﾝｾｷｺｳｹﾞﾝﾁｮｳ
350001,山口県,ﾔﾏｸﾞﾁｹﾝ,,
352012,山口県,ﾔﾏｸﾞﾁｹﾝ,下関市,ｼﾓﾉｾｷｼ
352021,山口県,ﾔﾏｸﾞﾁｹﾝ,宇部市,ｳﾍﾞｼ
352039,山口県,ﾔﾏｸﾞﾁｹﾝ,山口市,ﾔﾏｸﾞﾁｼ
352047,山口県,ﾔﾏｸﾞﾁｹﾝ,萩市,ﾊｷﾞｼ
352063,山口県,ﾔﾏｸﾞﾁｹﾝ,防府市,ﾎｳﾌｼ
352071,山口県,ﾔﾏｸﾞﾁｹﾝ,下松市,ｸﾀﾞﾏﾂｼ
352080,山口県,ﾔﾏｸﾞﾁｹﾝ,岩国市,ｲﾜｸﾆｼ
352101,山口県,ﾔﾏｸﾞﾁｹﾝ,光市,ﾋｶﾘｼ
352110,山口県,ﾔﾏｸﾞﾁｹﾝ,長門市,ﾅｶﾞﾄｼ
352128,山口県,ﾔﾏｸﾞﾁｹﾝ,柳井市,ﾔﾅｲｼ
352136,山口県,ﾔﾏｸﾞﾁｹﾝ,美祢市,ﾐﾈｼ
352152,山口県,ﾔﾏｸﾞﾁｹﾝ,周南市,ｼｭｳﾅﾝｼ
352161,山口県,ﾔﾏｸﾞﾁｹﾝ,山陽小野田市,ｻﾝﾖｳｵﾉﾀﾞｼ
353051,山口県,ﾔﾏｸﾞﾁｹﾝ,周防大島町,ｽｵｳｵｵｼﾏﾁｮｳ
353213,山口県,ﾔﾏｸﾞﾁｹﾝ,和木町,ﾜｷﾁｮｳ
353418,山口県,ﾔﾏｸﾞﾁｹﾝ,上関町,ｶﾐﾉｾｷﾁｮｳ
353434,山口県,ﾔﾏｸﾞﾁｹﾝ,田布施町,ﾀﾌﾞｾﾁｮｳ
353442,山口県,ﾔﾏｸﾞﾁｹﾝ,平生町,ﾋﾗｵﾁｮｳ
355020,山口県,ﾔﾏｸﾞﾁｹﾝ,阿武町,ｱﾌﾞﾁｮｳ
360007,徳島県,ﾄｸｼﾏｹﾝ,,
362018,徳島県,ﾄｸｼﾏｹﾝ,徳島市,ﾄｸｼﾏｼ
362026,徳島県,ﾄｸｼﾏｹﾝ,鳴門市,ﾅﾙﾄｼ
362034,徳島県,ﾄｸｼﾏｹﾝ,小松島市,ｺﾏﾂｼﾏｼ
362042,徳島県,ﾄｸｼﾏｹﾝ,阿南市,ｱﾅﾝｼ
362051,徳島県,ﾄｸｼﾏｹﾝ,吉野川市,ﾖｼﾉｶﾞﾜｼ
362069,徳島県,ﾄｸｼﾏｹﾝ,阿波市,ｱﾜｼ
362077,徳島県,ﾄｸｼﾏｹﾝ,美馬市,ﾐﾏｼ
362085,徳島県,ﾄｸｼﾏｹﾝ,三好市,ﾐﾖｼｼ
363014,徳島県,ﾄｸｼﾏｹﾝ,勝浦町,ｶﾂｳﾗﾁｮｳ
363022,徳島県,ﾄｸｼﾏｹﾝ,上勝町,ｶﾐｶﾂﾁｮｳ
363219,徳島県,ﾄｸｼﾏｹﾝ,佐那河内村,ｻﾅｺﾞｳﾁｿﾝ
363413,徳島県,ﾄｸｼﾏｹﾝ,石井町,ｲｼｲﾁｮｳ
363421,徳島県,ﾄｸｼﾏｹﾝ,神山町,ｶﾐﾔﾏﾁｮｳ
363685,徳島県,ﾄｸｼﾏｹﾝ,那賀町,ﾅｶﾁｮｳ
363839,徳島県,ﾄｸｼﾏｹﾝ,牟岐町,ﾑｷﾞﾁｮｳ
363871,徳島県,ﾄｸｼﾏｹﾝ,美波町,ﾐﾅﾐﾁｮｳ
363880,徳島県,ﾄｸｼﾏｹﾝ,海陽町,ｶｲﾖｳﾁｮｳ
364011,徳島県,ﾄｸｼﾏｹﾝ,松茂町,ﾏﾂｼｹﾞﾁｮｳ
364029,徳島県,ﾄｸｼﾏｹﾝ,北島町,ｷﾀｼﾞﾏﾁｮｳ
364037,徳島県,ﾄｸｼﾏｹﾝ,藍住町,ｱｲｽﾞﾐﾁｮｳ
364045,徳島県,ﾄｸｼﾏｹﾝ,板野町,ｲﾀﾉﾁｮｳ
364053,徳島県,ﾄｸｼﾏｹﾝ,上板町,ｶﾐｲﾀﾁｮｳ
364681,徳島県,ﾄｸｼﾏｹﾝ,つるぎ町,ﾂﾙｷﾞﾁｮｳ
364894,徳島県,ﾄｸｼﾏｹﾝ,東みよし町,ﾋｶﾞｼﾐﾖｼﾁｮｳ
370002,香川県,ｶｶﾞﾜｹﾝ,,
372013,香川県,ｶｶﾞﾜｹﾝ,高松市,ﾀｶﾏﾂｼ
372021,香川県,ｶｶﾞﾜｹﾝ,丸亀市,ﾏﾙｶﾞﾒｼ
372030,香川県,ｶｶﾞﾜｹﾝ,坂出市,ｻｶｲﾃﾞｼ
372048,香川県,ｶｶﾞﾜｹﾝ,善通寺市,ｾﾞﾝﾂｳｼﾞｼ
372056,香川県,ｶｶﾞﾜｹﾝ,観音寺市,ｶﾝｵﾝｼﾞｼ
372064,香川県,ｶｶﾞﾜｹﾝ,さぬき市,ｻﾇｷｼ
372072,香川県,ｶｶﾞﾜｹﾝ,東かがわ市,ﾋｶﾞｼｶｶﾞﾜｼ
372081,香川県,ｶｶﾞﾜｹﾝ,三豊市,ﾐﾄﾖｼ
373222,香川県,ｶｶﾞﾜｹﾝ,土庄町,ﾄﾉｼｮｳﾁｮｳ
373249,香川県,ｶｶﾞﾜｹﾝ,小豆島町,ｼｮｳﾄﾞｼﾏﾁｮｳ
373419,香川県,ｶｶﾞﾜｹﾝ,三木町,ﾐｷﾁｮｳ
373648,香川県,ｶｶﾞﾜｹﾝ,直島町,ﾅｵｼﾏﾁｮｳ
373869,香川県,ｶｶﾞﾜｹﾝ,宇多津町,ｳﾀﾂﾞﾁｮｳ
373877,香川県,ｶｶﾞﾜｹﾝ,綾川町,ｱﾔｶﾞﾜﾁｮｳ
374032,香川県,ｶｶﾞﾜｹﾝ,琴平町,ｺﾄﾋﾗﾁｮｳ
374041,香川県,ｶｶﾞﾜｹﾝ,多度津町,ﾀﾄﾞﾂﾁｮｳ
374067,香川県,ｶｶﾞﾜｹﾝ,まんのう町,ﾏﾝﾉｳﾁｮｳ
380008,愛媛県,ｴﾋﾒｹﾝ,,
382019,愛媛県,ｴﾋﾒｹﾝ,松山市,ﾏﾂﾔﾏｼ
382027,愛媛県,ｴﾋﾒｹﾝ,今治市,ｲﾏﾊﾞﾘｼ
382035,愛媛県,ｴﾋﾒｹﾝ,宇和島市,ｳﾜｼﾞﾏｼ
382043,愛媛県,ｴﾋﾒｹﾝ,八幡浜市,ﾔﾜﾀﾊﾏｼ
382051,愛媛県,ｴﾋﾒｹﾝ,新居浜市,ﾆｲﾊﾏｼ
382060,愛媛県,ｴﾋﾒｹﾝ,西条市,ｻｲｼﾞｮｳｼ
382078,愛媛県,ｴﾋﾒｹﾝ,大洲市,ｵｵｽﾞｼ
382108,愛媛県,ｴﾋﾒｹﾝ,伊予市,ｲﾖｼ
382132,愛媛県,ｴﾋﾒｹﾝ,四国中央市,ｼｺｸﾁｭｳｵｳｼ
382141,愛媛県,ｴﾋﾒｹﾝ,西予市,ｾｲﾖｼ
382159,愛媛県,ｴﾋﾒｹﾝ,東温市,ﾄｳｵﾝｼ
383562,愛媛県,ｴﾋﾒｹﾝ,上島町,ｶﾐｼﾞﾏﾁｮｳ
383864,愛媛県,ｴﾋﾒｹﾝ,久万高原町,ｸﾏｺｳｹﾞﾝﾁｮｳ
384011,愛媛県,ｴﾋﾒｹﾝ,松前町,ﾏｻｷﾁｮｳ
384020,愛媛県,ｴﾋﾒｹﾝ,砥部町,ﾄﾍﾞﾁｮｳ
384224,愛媛県,ｴﾋﾒｹﾝ,内子町,ｳﾁｺﾁｮｳ
384429,愛媛県,ｴﾋﾒｹﾝ,伊方町,ｲｶﾀﾁｮｳ
384844,愛媛県,ｴﾋﾒｹﾝ,松野町,ﾏﾂﾉﾁｮｳ
384887,愛媛県,ｴﾋﾒｹﾝ,鬼北町,ｷﾎｸﾁｮｳ
385069,愛媛県,ｴﾋﾒｹﾝ,愛南町,ｱｲﾅﾝﾁｮｳ
390003,高知県,ｺｳﾁｹﾝ,,
392014,高知県,ｺｳﾁｹﾝ,高知市,ｺｳﾁｼ
392022,高知県,ｺｳﾁｹﾝ,室戸市,ﾑﾛﾄｼ
392031,高知県,ｺｳﾁｹﾝ,安芸市,ｱｷｼ
392049,高知県,ｺｳﾁｹﾝ,南国市,ﾅﾝｺｸｼ
392057,高知県,ｺｳﾁｹﾝ,土佐市,ﾄｻｼ
392065,高知県,ｺｳﾁｹﾝ,須崎市,ｽｻｷｼ
392081,高知県,ｺｳﾁｹﾝ,宿毛市,ｽｸﾓｼ
392090,高知県,ｺｳﾁｹﾝ,土佐清水市,ﾄｻｼﾐｽﾞｼ
392103,高知県,ｺｳﾁｹﾝ,四万十市,ｼﾏﾝﾄｼ
392111,高知県,ｺｳﾁｹﾝ,香南市,ｺｳﾅﾝｼ
392120,高知県,ｺｳﾁｹﾝ,香美市,ｶﾐｼ
393011,高知県,ｺｳﾁｹﾝ,東洋町,ﾄｳﾖｳﾁｮｳ
393029,高知県,ｺｳﾁｹﾝ,奈半利町,ﾅﾊﾘﾁｮｳ
393037,高知県,ｺｳﾁｹﾝ,田野町,ﾀﾉﾁｮｳ
393045,高知県,ｺｳﾁｹﾝ,安田町,ﾔｽﾀﾞﾁｮｳ
393053,高知県,ｺｳﾁｹﾝ,北川村,ｷﾀｶﾞﾜﾑﾗ
393061,高知県,ｺｳﾁｹﾝ,馬路村,ｳﾏｼﾞﾑﾗ
393070,高知県,ｺｳﾁｹﾝ,芸西村,ｹﾞｲｾｲﾑﾗ
393410,高知県,ｺｳﾁｹﾝ,本山町,ﾓﾄﾔﾏﾁｮｳ
393444,高知県,ｺｳﾁｹﾝ,大豊町,ｵｵﾄﾖﾁｮｳ
393631,高知県,ｺｳﾁｹﾝ,土佐町,ﾄｻﾁｮｳ
393649,高知県,ｺｳﾁｹﾝ,大川村,ｵｵｶﾜﾑﾗ
393860,高知県,ｺｳﾁｹﾝ,いの町,ｲﾉﾁｮｳ
393878,高知県,ｺｳﾁｹﾝ,仁淀川町,ﾆﾖﾄﾞｶﾞﾜﾁｮｳ
394017,高知県,ｺｳﾁｹﾝ,中土佐町,ﾅｶﾄｻﾁｮｳ
394025,高知県,ｺｳﾁｹﾝ,佐川町,ｻｶﾜﾁｮｳ
394033,高知県,ｺｳﾁｹﾝ,越知町,ｵﾁﾁｮｳ
394050,高知県,ｺｳﾁｹﾝ,梼原町,ﾕｽﾊﾗﾁｮｳ
394106,高知県,ｺｳﾁｹﾝ,日高村,ﾋﾀﾞｶﾑﾗ
394114,高知県,ｺｳﾁｹﾝ,津野町,ﾂﾉﾁｮｳ
394122,高知県,ｺｳﾁｹﾝ,四万十町,ｼﾏﾝﾄﾁｮｳ
394246,高知県,ｺｳﾁｹﾝ,大月町,ｵｵﾂｷﾁｮｳ
394271,高知県,ｺｳﾁｹﾝ,三原村,ﾐﾊﾗﾑﾗ
394289,高知県,ｺｳﾁｹﾝ,黒潮町,ｸﾛｼｵﾁｮｳ
400009,福岡県,ﾌｸｵｶｹﾝ,,
401005,福岡県,ﾌｸｵｶｹﾝ,北九州市,ｷﾀｷｭｳｼｭｳｼ
401307,福岡県,ﾌｸｵｶｹﾝ,福岡市,ﾌｸｵｶｼ
402028,福岡県,ﾌｸｵｶｹﾝ,大牟田市,ｵｵﾑﾀｼ
402036,福岡県,ﾌｸｵｶｹﾝ,久留米市,ｸﾙﾒｼ
402044,福岡県,ﾌｸｵｶｹﾝ,直方市,ﾉｵｶﾞﾀｼ
402052,福岡県,ﾌｸｵｶｹﾝ,飯塚市,ｲｲﾂﾞｶｼ
402061,福岡県,ﾌｸｵｶｹﾝ,田川市,ﾀｶﾞﾜｼ
402079,福岡県,ﾌｸｵｶｹﾝ,柳川市,ﾔﾅｶﾞﾜｼ
402109,福岡県,ﾌｸｵｶｹﾝ,八女市,ﾔﾒｼ
402117,福岡県,ﾌｸｵｶｹﾝ,筑後市,ﾁｸｺﾞｼ
402125,福岡県,ﾌｸｵｶｹﾝ,大川市,ｵｵｶﾜｼ
402133,福岡県,ﾌｸｵｶｹﾝ,行橋市,ﾕｸﾊｼｼ
402141,福岡県,ﾌｸｵｶｹﾝ,豊前市,ﾌﾞｾﾞﾝｼ
402150,福岡県,ﾌｸｵｶｹﾝ,中間市,ﾅｶﾏｼ
402168,福岡県,ﾌｸｵｶｹﾝ,小郡市,ｵｺﾞｵﾘｼ
402176,福岡県,ﾌｸｵｶｹﾝ,筑紫野市,ﾁｸｼﾉｼ
402184,福岡県,ﾌｸｵｶｹﾝ,春日市,ｶｽｶﾞｼ
402192,福岡県,ﾌｸｵｶｹﾝ,大野城市,ｵｵﾉｼﾞｮｳｼ
402206,福岡県,ﾌｸｵｶｹﾝ,宗像市,ﾑﾅｶﾀｼ
402214,福岡県,ﾌｸｵｶｹﾝ,太宰府市,ﾀﾞｻﾞｲﾌｼ
402231,福岡県,ﾌｸｵｶｹﾝ,古賀市,ｺｶﾞｼ
402249,福岡県,ﾌｸｵｶｹﾝ,福津市,ﾌｸﾂｼ
402257,福岡県,ﾌｸｵｶｹﾝ,うきは市,ｳｷﾊｼ
402265,福岡県,ﾌｸｵｶｹﾝ,宮若市,ﾐﾔﾜｶｼ
402273,福岡県,ﾌｸｵｶｹﾝ,嘉麻市,ｶﾏｼ
402281,福岡県,ﾌｸｵｶｹﾝ,朝倉市,ｱｻｸﾗｼ
402290,福岡県,ﾌｸｵｶｹﾝ,みやま市,ﾐﾔﾏｼ
402303,福岡県,ﾌｸｵｶｹﾝ,糸島市,ｲﾄｼﾏｼ
402311,福岡県,ﾌｸｵｶｹﾝ,那珂川市,ﾅｶｶﾞﾜｼ
403415,福岡県,ﾌｸｵｶｹﾝ,宇美町,ｳﾐﾏﾁ
403423,福岡県,ﾌｸｵｶｹﾝ,篠栗町,ｻｻｸﾞﾘﾏﾁ
403431,福岡県,ﾌｸｵｶｹﾝ,志免町,ｼﾒﾏﾁ
403440,福岡県,ﾌｸｵｶｹﾝ,須恵町,ｽｴﾏﾁ
403458,福岡県,ﾌｸｵｶｹﾝ,新宮町,ｼﾝｸﾞｳﾏﾁ
403482,福岡県,ﾌｸｵｶｹﾝ,久山町,ﾋｻﾔﾏﾏﾁ
403491,福岡県,ﾌｸｵｶｹﾝ,粕屋町,ｶｽﾔﾏﾁ
403814,福岡県,ﾌｸｵｶｹﾝ,芦屋町,ｱｼﾔﾏﾁ
403822,福岡県,ﾌｸｵｶｹﾝ,水巻町,ﾐｽﾞﾏｷﾏﾁ
403831,福岡県,ﾌｸｵｶｹﾝ,岡垣町,ｵｶｶﾞｷﾏﾁ
403849,福岡県,ﾌｸｵｶｹﾝ,遠賀町,ｵﾝｶﾞﾁｮｳ
404012,福岡県,ﾌｸｵｶｹﾝ,小竹町,ｺﾀｹﾏﾁ
404021,福岡県,ﾌｸｵｶｹﾝ,鞍手町,ｸﾗﾃﾏﾁ
404217,福岡県,ﾌｸｵｶｹﾝ,桂川町,ｹｲｾﾝﾏﾁ
404471,福岡県,ﾌｸｵｶｹﾝ,筑前町,ﾁｸｾﾞﾝﾏﾁ
404489,福岡県,ﾌｸｵｶｹﾝ,東峰村,ﾄｳﾎｳﾑﾗ
405035,福岡県,ﾌｸｵｶｹﾝ,大刀洗町,ﾀﾁｱﾗｲﾏﾁ
405221,福岡県,ﾌｸｵｶｹﾝ,大木町,ｵｵｷﾏﾁ
405442,福岡県,ﾌｸｵｶｹﾝ,広川町,ﾋﾛｶﾜﾏﾁ
406015,福岡県,ﾌｸｵｶｹﾝ,香春町,ｶﾜﾗﾏﾁ
406023,福岡県,ﾌｸｵｶｹﾝ,添田町,ｿｴﾀﾞﾏﾁ
406040,福岡県,ﾌｸｵｶｹﾝ,糸田町,ｲﾄﾀﾞﾏﾁ
406058,福岡県,ﾌｸｵｶｹﾝ,川崎町,ｶﾜｻｷﾏﾁ
406082,福岡県,ﾌｸｵｶｹﾝ,大任町,ｵｵﾄｳﾏﾁ
406091,福岡県,ﾌｸｵｶｹﾝ,赤村,ｱｶﾑﾗ
406104,福岡県,ﾌｸｵｶｹﾝ,福智町,ﾌｸﾁﾏﾁ
406210,福岡県,ﾌｸｵｶｹﾝ,苅田町,ｶﾝﾀﾞﾏﾁ
406252,福岡県,ﾌｸｵｶｹﾝ,みやこ町,ﾐﾔｺﾏﾁ
406422,福岡県,ﾌｸｵｶｹﾝ,吉富町,ﾖｼﾄﾐﾏﾁ
406465,福岡県,ﾌｸｵｶｹﾝ,上毛町,ｺｳｹﾞﾏﾁ
406473,福岡県,ﾌｸｵｶｹﾝ,築上町,ﾁｸｼﾞｮｳﾏﾁ
410004,佐賀県,ｻｶﾞｹﾝ,,
412015,佐賀県,ｻｶﾞｹﾝ,佐賀市,ｻｶﾞｼ
412023,佐賀県,ｻｶﾞｹﾝ,唐津市,ｶﾗﾂｼ
412031,佐賀県,ｻｶﾞｹﾝ,鳥栖市,ﾄｽｼ
412040,佐賀県,ｻｶﾞｹﾝ,多久市,ﾀｸｼ
412058,佐賀県,ｻｶﾞｹﾝ,伊万里市,ｲﾏﾘｼ
412066,佐賀県,ｻｶﾞｹﾝ,武雄市,ﾀｹｵｼ
412074,佐賀県,ｻｶﾞｹﾝ,鹿島市,ｶｼﾏｼ
412082,佐賀県,ｻｶﾞｹﾝ,小城市,ｵｷﾞｼ
412091,佐賀県,ｻｶﾞｹﾝ,嬉野市,ｳﾚｼﾉｼ
412104,佐賀県,ｻｶﾞｹﾝ,神埼市,ｶﾝｻﾞｷｼ
413275,佐賀県,ｻｶﾞｹﾝ,吉野ヶ里町,ﾖｼﾉｶﾞﾘﾁｮｳ
413411,佐賀県,ｻｶﾞｹﾝ,基山町,ｷﾔﾏﾁｮｳ
413453,佐賀県,ｻｶﾞｹﾝ,上峰町,ｶﾐﾐﾈﾁｮｳ
413461,佐賀県,ｻｶﾞｹﾝ,みやき町,ﾐﾔｷﾁｮｳ
413879,佐賀県,ｻｶﾞｹﾝ,玄海町,ｹﾞﾝｶｲﾁｮｳ
414018,佐賀県,ｻｶﾞｹﾝ,有田町,ｱﾘﾀﾁｮｳ
414239,佐賀県,ｻｶﾞｹﾝ,大町町,ｵｵﾏﾁﾁｮｳ
414247,佐賀県,ｻｶﾞｹﾝ,江北町,ｺｳﾎｸﾏﾁ
414255,佐賀県,ｻｶﾞｹﾝ,白石町,ｼﾛｲｼﾁｮｳ
414417,佐賀県,ｻｶﾞｹﾝ,太良町,ﾀﾗﾁｮｳ
420000,長崎県,ﾅｶﾞｻｷｹﾝ,,
422011,長崎県,ﾅｶﾞｻｷｹﾝ,長崎市,ﾅｶﾞｻｷｼ
422029,長崎県,ﾅｶﾞｻｷｹﾝ,佐世保市,ｻｾﾎﾞｼ
422037,長崎県,ﾅｶﾞｻｷｹﾝ,島原市,ｼﾏﾊﾞﾗｼ
422045,長崎県,ﾅｶﾞｻｷｹﾝ,諫早市,ｲｻﾊﾔｼ
422053,長崎県,ﾅｶﾞｻｷｹﾝ,大村市,ｵｵﾑﾗｼ
422070,長崎県,ﾅｶﾞｻｷｹﾝ,平戸市,ﾋﾗﾄﾞｼ
422088,長崎県,ﾅｶﾞｻｷｹﾝ,松浦市,ﾏﾂｳﾗｼ
422096,長崎県,ﾅｶﾞｻｷｹﾝ,対馬市,ﾂｼﾏｼ
422100,長崎県,ﾅｶﾞｻｷｹﾝ,壱岐市,ｲｷｼ
422118,長崎県,ﾅｶﾞｻｷｹﾝ,五島市,ｺﾞﾄｳｼ
422126,長崎県,ﾅｶﾞｻｷｹﾝ,西海市,ｻｲｶｲｼ
422134,長崎県,ﾅｶﾞｻｷｹﾝ,雲仙市,ｳﾝｾﾞﾝｼ
422142,長崎県,ﾅｶﾞｻｷｹﾝ,南島原市,ﾐﾅﾐｼﾏﾊﾞﾗｼ
423076,長崎県,ﾅｶﾞｻｷｹﾝ,長与町,ﾅｶﾞﾖﾁｮｳ
423084,長崎県,ﾅｶﾞｻｷｹﾝ,時津町,ﾄｷﾞﾂﾁｮｳ
423211,長崎県,ﾅｶﾞｻｷｹﾝ,東彼杵町,ﾋｶﾞｼｿﾉｷﾞﾁｮｳ
423220,長崎県,ﾅｶﾞｻｷｹﾝ,川棚町,ｶﾜﾀﾅﾁｮｳ
423238,長崎県,ﾅｶﾞｻｷｹﾝ,波佐見町,ﾊｻﾐﾁｮｳ
423831,長崎県,ﾅｶﾞｻｷｹﾝ,小値賀町,ｵﾁﾞｶﾁｮｳ
423912,長崎県,ﾅｶﾞｻｷｹﾝ,佐々町,ｻｻﾞﾁｮｳ
424111,長崎県,ﾅｶﾞｻｷｹﾝ,新上五島町,ｼﾝｶﾐｺﾞﾄｳﾁｮｳ
430005,熊本県,ｸﾏﾓﾄｹﾝ,,
431001,熊本県,ｸﾏﾓﾄｹﾝ,熊本市,ｸﾏﾓﾄｼ
432024,熊本県,ｸﾏﾓﾄｹﾝ,八代市,ﾔﾂｼﾛｼ
432032,熊本県,ｸﾏﾓﾄｹﾝ,人吉市,ﾋﾄﾖｼｼ
432041,熊本県,ｸﾏﾓﾄｹﾝ,荒尾市,ｱﾗｵｼ
432059,熊本県,ｸﾏﾓﾄｹﾝ,水俣市,ﾐﾅﾏﾀｼ
432067,熊本県,ｸﾏﾓﾄｹﾝ,玉名市,ﾀﾏﾅｼ
432083,熊本県,ｸﾏﾓﾄｹﾝ,山鹿市,ﾔﾏｶﾞｼ
432105,熊本県,ｸﾏﾓﾄｹﾝ,菊池市,ｷｸﾁｼ
432113,熊本県,ｸﾏﾓﾄｹﾝ,宇土市,ｳﾄｼ
432121,熊本県,ｸﾏﾓﾄｹﾝ,上天草市,ｶﾐｱﾏｸｻｼ
432130,熊本県,ｸﾏﾓﾄｹﾝ,宇城市,ｳｷｼ
432148,熊本県,ｸﾏﾓﾄｹﾝ,阿蘇市,ｱｿｼ
432156,熊本県,ｸﾏﾓﾄｹﾝ,天草市,ｱﾏｸｻｼ
432164,熊本県,ｸﾏﾓﾄｹﾝ,合志市,ｺｳｼｼ
433489,熊本県,ｸﾏﾓﾄｹﾝ,美里町,ﾐｻﾄﾏﾁ
433641,熊本県,ｸﾏﾓﾄｹﾝ,玉東町,ｷﾞｮｸﾄｳﾏﾁ
433675,熊本県,ｸﾏﾓﾄｹﾝ,南関町,ﾅﾝｶﾝﾏﾁ
433683,熊本県,ｸﾏﾓﾄｹﾝ,長洲町,ﾅｶﾞｽﾏﾁ
433691,熊本県,ｸﾏﾓﾄｹﾝ,和水町,ﾅｺﾞﾐﾏﾁ
434035,熊本県,ｸﾏﾓﾄｹﾝ,大津町,ｵｵﾂﾞﾏﾁ
434043,熊本県,ｸﾏﾓﾄｹﾝ,菊陽町,ｷｸﾖｳﾏﾁ
434230,熊本県,ｸﾏﾓﾄｹﾝ,南小国町,ﾐﾅﾐｵｸﾞﾆﾏﾁ
434248,熊本県,ｸﾏﾓﾄｹﾝ,小国町,ｵｸﾞﾆﾏﾁ
434256,熊本県,ｸﾏﾓﾄｹﾝ,産山村,ｳﾌﾞﾔﾏﾑﾗ
434281,熊本県,ｸﾏﾓﾄｹﾝ,高森町,ﾀｶﾓﾘﾏﾁ
434329,熊本県,ｸﾏﾓﾄｹﾝ,西原村,ﾆｼﾊﾗﾑﾗ
434337,熊本県,ｸﾏﾓﾄｹﾝ,南阿蘇村,ﾐﾅﾐｱｿﾑﾗ
434418,熊本県,ｸﾏﾓﾄｹﾝ,御船町,ﾐﾌﾈﾏﾁ
434426,熊本県,ｸﾏﾓﾄｹﾝ,嘉島町,ｶｼﾏﾏﾁ
434434,熊本県,ｸﾏﾓﾄｹﾝ,益城町,ﾏｼｷﾏﾁ
434442,熊本県,ｸﾏﾓﾄｹﾝ,甲佐町,ｺｳｻﾏﾁ
434477,熊本県,ｸﾏﾓﾄｹﾝ,山都町,ﾔﾏﾄﾁｮｳ
434680,熊本県,ｸﾏﾓﾄｹﾝ,氷川町,ﾋｶﾜﾁｮｳ
434825,熊本県,ｸﾏﾓﾄｹﾝ,芦北町,ｱｼｷﾀﾏﾁ
434841,熊本県,ｸﾏﾓﾄｹﾝ,津奈木町,ﾂﾅｷﾞﾏﾁ
435015,熊本県,ｸﾏﾓﾄｹﾝ,錦町,ﾆｼｷﾏﾁ
435058,熊本県,ｸﾏﾓﾄｹﾝ,多良木町,ﾀﾗｷﾞﾏﾁ
435066,熊本県,ｸﾏﾓﾄｹﾝ,湯前町,ﾕﾉﾏｴﾏﾁ
435074,熊本県,ｸﾏﾓﾄｹﾝ,水上村,ﾐｽﾞｶﾐﾑﾗ
435104,熊本県,ｸﾏﾓﾄｹﾝ,相良村,ｻｶﾞﾗﾑﾗ
435112,熊本県,ｸﾏﾓﾄｹﾝ,五木村,ｲﾂｷﾑﾗ
435121,熊本県,ｸﾏﾓﾄｹﾝ,山江村,ﾔﾏｴﾑﾗ
435139,熊本県,ｸﾏﾓﾄｹﾝ,球磨村,ｸﾏﾑﾗ
435147,熊本県,ｸﾏﾓﾄｹﾝ,あさぎり町,ｱｻｷﾞﾘﾁｮｳ
435317,熊本県,ｸﾏﾓﾄｹﾝ,苓北町,ﾚｲﾎｸﾏﾁ
440001,大分県,ｵｵｲﾀｹﾝ,,
442011,大分県,ｵｵｲﾀｹﾝ,大分市,ｵｵｲﾀｼ
442020,大分県,ｵｵｲﾀｹﾝ,別府市,ﾍﾞｯﾌﾟｼ
442038,大分県,ｵｵｲﾀｹﾝ,中津市,ﾅｶﾂｼ
442046,大分県,ｵｵｲﾀｹﾝ,日田市,ﾋﾀｼ
442054,大分県,ｵｵｲﾀｹﾝ,佐伯市,ｻｲｷｼ
442062,大分県,ｵｵｲﾀｹﾝ,臼杵市,ｳｽｷｼ
442071,大分県,ｵｵｲﾀｹﾝ,津久見市,ﾂｸﾐｼ
442089,大分県,ｵｵｲﾀｹﾝ,竹田市,ﾀｹﾀｼ
442097,大分県,ｵｵｲﾀｹﾝ,豊後高田市,ﾌﾞﾝｺﾞﾀｶﾀﾞｼ
442101,大分県,ｵｵｲﾀｹﾝ,杵築市,ｷﾂｷｼ
442119,大分県,ｵｵｲﾀｹﾝ,宇佐市,ｳｻｼ
442127,大分県,ｵｵｲﾀｹﾝ,豊後大野市,ﾌﾞﾝｺﾞｵｵﾉｼ
442135,大分県,ｵｵｲﾀｹﾝ,由布市,ﾕﾌｼ
442143,大分県,ｵｵｲﾀｹﾝ,国東市,ｸﾆｻｷｼ
443221,大分県,ｵｵｲﾀｹﾝ,姫島村,ﾋﾒｼﾏﾑﾗ
443417,大分県,ｵｵｲﾀｹﾝ,日出町,ﾋｼﾞﾏﾁ
444618,大分県,ｵｵｲﾀｹﾝ,九重町,ｺｺﾉｴﾏﾁ
444626,大分県,ｵｵｲﾀｹﾝ,玖珠町,ｸｽﾏﾁ
450006,宮崎県,ﾐﾔｻﾞｷｹﾝ,,
452017,宮崎県,ﾐﾔｻﾞｷｹﾝ,宮崎市,ﾐﾔｻﾞｷｼ
452025,宮崎県,ﾐﾔｻﾞｷｹﾝ,都城市,ﾐﾔｺﾉｼﾞｮｳｼ
452033,宮崎県,ﾐﾔｻﾞｷｹﾝ,延岡市,ﾉﾍﾞｵｶｼ
452041,宮崎県,ﾐﾔｻﾞｷｹﾝ,日南市,ﾆﾁﾅﾝｼ
452050,宮崎県,ﾐﾔｻﾞｷｹﾝ,小林市,ｺﾊﾞﾔｼｼ
452068,宮崎県,ﾐﾔｻﾞｷｹﾝ,日向市,ﾋｭｳｶﾞｼ
452076,宮崎県,ﾐﾔｻﾞｷｹﾝ,串間市,ｸｼﾏｼ
452084,宮崎県,ﾐﾔｻﾞｷｹﾝ,西都市,ｻｲﾄｼ
452092,宮崎県,ﾐﾔｻﾞｷｹﾝ,えびの市,ｴﾋﾞﾉｼ
453412,宮崎県,ﾐﾔｻﾞｷｹﾝ,三股町,ﾐﾏﾀﾁｮｳ
453617,宮崎県,ﾐﾔｻﾞｷｹﾝ,高原町,ﾀｶﾊﾙﾁｮｳ
453820,宮崎県,ﾐﾔｻﾞｷｹﾝ,国富町,ｸﾆﾄﾐﾁｮｳ
453838,宮崎県,ﾐﾔｻﾞｷｹﾝ,綾町,ｱﾔﾁｮｳ
454010,宮崎県,ﾐﾔｻﾞｷｹﾝ,高鍋町,ﾀｶﾅﾍﾞﾁｮｳ
454028,宮崎県,ﾐﾔｻﾞｷｹﾝ,新富町,ｼﾝﾄﾐﾁｮｳ
454036,宮崎県,ﾐﾔｻﾞｷｹﾝ,西米良村,ﾆｼﾒﾗｿﾝ
454044,宮崎県,ﾐﾔｻﾞｷｹﾝ,木城町,ｷｼﾞｮｳﾁｮｳ
454052,宮崎県,ﾐﾔｻﾞｷｹﾝ,川南町,ｶﾜﾐﾅﾐﾁｮｳ
454061,宮崎県,ﾐﾔｻﾞｷｹﾝ,都農町,ﾂﾉﾁｮｳ
454214,宮崎県,ﾐﾔｻﾞｷｹﾝ,門川町,ｶﾄﾞｶﾞﾜﾁｮｳ
454290,宮崎県,ﾐﾔｻﾞｷｹﾝ,諸塚村,ﾓﾛﾂｶｿﾝ
454303,宮崎県,ﾐﾔｻﾞｷｹﾝ,椎葉村,ｼｲﾊﾞｿﾝ
454311,宮崎県,ﾐﾔｻﾞｷｹﾝ,美郷町,ﾐｻﾄﾁｮｳ
454419,宮崎県,ﾐﾔｻﾞｷｹﾝ,高千穂町,ﾀｶﾁﾎﾁｮｳ
454427,宮崎県,ﾐﾔｻﾞｷｹﾝ,日之影町,ﾋﾉｶｹﾞﾁｮｳ
454435,宮崎県,ﾐﾔｻﾞｷｹﾝ,五ヶ瀬町,ｺﾞｶｾﾁｮｳ
460001,鹿児島県,ｶｺﾞｼﾏｹﾝ,,
462012,鹿児島県,ｶｺﾞｼﾏｹﾝ,鹿児島市,ｶｺﾞｼﾏｼ
462039,鹿児島県,ｶｺﾞｼﾏｹﾝ,鹿屋市,ｶﾉﾔｼ
462047,鹿児島県,ｶｺﾞｼﾏｹﾝ,枕崎市,ﾏｸﾗｻﾞｷｼ
462063,鹿児島県,ｶｺﾞｼﾏｹﾝ,阿久根市,ｱｸﾈｼ
462080,鹿児島県,ｶｺﾞｼﾏｹﾝ,出水市,ｲｽﾞﾐｼ
462101,鹿児島県,ｶｺﾞｼﾏｹﾝ,指宿市,ｲﾌﾞｽｷｼ
462136,鹿児島県,ｶｺﾞｼﾏｹﾝ,西之表市,ﾆｼﾉｵﾓﾃｼ
462144,鹿児島県,ｶｺﾞｼﾏｹﾝ,垂水市,ﾀﾙﾐｽﾞｼ
462152,鹿児島県,ｶｺﾞｼﾏｹﾝ,薩摩川内市,ｻﾂﾏｾﾝﾀﾞｲｼ
462161,鹿児島県,ｶｺﾞｼﾏｹﾝ,日置市,ﾋｵｷｼ
462179,鹿児島県,ｶｺﾞｼﾏｹﾝ,曽於市,ｿｵｼ
462187,鹿児島県,ｶｺﾞｼﾏｹﾝ,霧島市,ｷﾘｼﾏｼ
462195,鹿児島県,ｶｺﾞｼﾏｹﾝ,いちき串木野市,ｲﾁｷｸｼｷﾉｼ
462209,鹿児島県,ｶｺﾞｼﾏｹﾝ,南さつま市,ﾐﾅﾐｻﾂﾏｼ
462217,鹿児島県,ｶｺﾞｼﾏｹﾝ,志布志市,ｼﾌﾞｼｼ
462225,鹿児島県,ｶｺﾞｼﾏｹﾝ,奄美市,ｱﾏﾐｼ
462233,鹿児島県,ｶｺﾞｼﾏｹﾝ,南九州市,ﾐﾅﾐｷｭｳｼｭｳｼ
462241,鹿児島県,ｶｺﾞｼﾏｹﾝ,伊佐市,ｲｻｼ
462250,鹿児島県,ｶｺﾞｼﾏｹﾝ,姶良市,ｱｲﾗｼ
463035,鹿児島県,ｶｺﾞｼﾏｹﾝ,三島村,ﾐｼﾏﾑﾗ
463043,鹿児島県,ｶｺﾞｼﾏｹﾝ,十島村,ﾄｼﾏﾑﾗ
463922,鹿児島県,ｶｺﾞｼﾏｹﾝ,さつま町,ｻﾂﾏﾁｮｳ
464040,鹿児島県,ｶｺﾞｼﾏｹﾝ,長島町,ﾅｶﾞｼﾏﾁｮｳ
464520,鹿児島県,ｶｺﾞｼﾏｹﾝ,湧水町,ﾕｳｽｲﾁｮｳ
464686,鹿児島県,ｶｺﾞｼﾏｹﾝ,大崎町,ｵｵｻｷﾁｮｳ
464821,鹿児島県,ｶｺﾞｼﾏｹﾝ,東串良町,ﾋｶﾞｼｸｼﾗﾁｮｳ
464902,鹿児島県,ｶｺﾞｼﾏｹﾝ,錦江町,ｷﾝｺｳﾁｮｳ
464911,鹿児島県,ｶｺﾞｼﾏｹﾝ,南大隅町,ﾐﾅﾐｵｵｽﾐﾁｮｳ
464929,鹿児島県,ｶｺﾞｼﾏｹﾝ,肝付町,ｷﾓﾂｷﾁｮｳ
465011,鹿児島県,ｶｺﾞｼﾏｹﾝ,中種子町,ﾅｶﾀﾈﾁｮｳ
465020,鹿児島県,ｶｺﾞｼﾏｹﾝ,南種子町,ﾐﾅﾐﾀﾈﾁｮｳ
465054,鹿児島県,ｶｺﾞｼﾏｹﾝ,屋久島町,ﾔｸｼﾏﾁｮｳ
465232,鹿児島県,ｶｺﾞｼﾏｹﾝ,大和村,ﾔﾏﾄｿﾝ
465241,鹿児島県,ｶｺﾞｼﾏｹﾝ,宇検村,ｳｹﾝｿﾝ
465259,鹿児島県,ｶｺﾞｼﾏｹﾝ,瀬戸内町,ｾﾄｳﾁﾁｮｳ
465275,鹿児島県,ｶｺﾞｼﾏｹﾝ,龍郷町,ﾀﾂｺﾞｳﾁｮｳ
465291,鹿児島県,ｶｺﾞｼﾏｹﾝ,喜界町,ｷｶｲﾁｮｳ
465305,鹿児島県,ｶｺﾞｼﾏｹﾝ,徳之島町,ﾄｸﾉｼﾏﾁｮｳ
465313,鹿児島県,ｶｺﾞｼﾏｹﾝ,天城町,ｱﾏｷﾞﾁｮｳ
465321,鹿児島県,ｶｺﾞｼﾏｹﾝ,伊仙町,ｲｾﾝﾁｮｳ
465330,鹿児島県,ｶｺﾞｼﾏｹﾝ,和泊町,ﾜﾄﾞﾏﾘﾁｮｳ
465348,鹿児島県,ｶｺﾞｼﾏｹﾝ,知名町,ﾁﾅﾁｮｳ
465356,鹿児島県,ｶｺﾞｼﾏｹﾝ,与論町,ﾖﾛﾝﾁｮｳ
470007,沖縄県,ｵｷﾅﾜｹﾝ,,
472018,沖縄県,ｵｷﾅﾜｹﾝ,那覇市,ﾅﾊｼ
472051,沖縄県,ｵｷﾅﾜｹﾝ,宜野湾市,ｷﾞﾉﾜﾝｼ
472077,沖縄県,ｵｷﾅﾜｹﾝ,石垣市,ｲｼｶﾞｷｼ
472085,沖縄県,ｵｷﾅﾜｹﾝ,浦添市,ｳﾗｿｴｼ
472093,沖縄県,ｵｷﾅﾜｹﾝ,名護市,ﾅｺﾞｼ
472107,沖縄県,ｵｷﾅﾜｹﾝ,糸満市,ｲﾄﾏﾝｼ
472115,沖縄県,ｵｷﾅﾜｹﾝ,沖縄市,ｵｷﾅﾜｼ
472123,沖縄県,ｵｷﾅﾜｹﾝ,豊見城市,ﾄﾐｸﾞｽｸｼ
472131,沖縄県,ｵｷﾅﾜｹﾝ,うるま市,ｳﾙﾏｼ
472140,沖縄県,ｵｷﾅﾜｹﾝ,宮古島市,ﾐﾔｺｼﾞﾏｼ
472158,沖縄県,ｵｷﾅﾜｹﾝ,南城市,ﾅﾝｼﾞｮｳｼ
473014,沖縄県,ｵｷﾅﾜｹﾝ,国頭村,ｸﾆｶﾞﾐｿﾝ
473022,沖縄県,ｵｷﾅﾜｹﾝ,大宜味村,ｵｵｷﾞﾐｿﾝ
473031,沖縄県,ｵｷﾅﾜｹﾝ,東村,ﾋｶﾞｼｿﾝ
473065,沖縄県,ｵｷﾅﾜｹﾝ,今帰仁村,ﾅｷｼﾞﾝｿﾝ
473081,沖縄県,ｵｷﾅﾜｹﾝ,本部町,ﾓﾄﾌﾞﾁｮｳ
473111,沖縄県,ｵｷﾅﾜｹﾝ,恩納村,ｵﾝﾅｿﾝ
473138,沖縄県,ｵｷﾅﾜｹﾝ,宜野座村,ｷﾞﾉｻﾞｿﾝ
473146,沖縄県,ｵｷﾅﾜｹﾝ,金武町,ｷﾝﾁｮｳ
473154,沖縄県,ｵｷﾅﾜｹﾝ,伊江村,ｲｴｿﾝ
473243,沖縄県,ｵｷﾅﾜｹﾝ,読谷村,ﾖﾐﾀﾝｿﾝ
473251,沖縄県,ｵｷﾅﾜｹﾝ,嘉手納町,ｶﾃﾞﾅﾁｮｳ
473260,沖縄県,ｵｷﾅﾜｹﾝ,北谷町,ﾁﾔﾀﾝﾁｮｳ
473278,沖縄県,ｵｷﾅﾜｹﾝ,北中城村,ｷﾀﾅｶｸﾞｽｸｿﾝ
473286,沖縄県,ｵｷﾅﾜｹﾝ,中城村,ﾅｶｸﾞｽｸｿﾝ
473294,沖縄県,ｵｷﾅﾜｹﾝ,西原町,ﾆｼﾊﾗﾁｮｳ
473481,沖縄県,ｵｷﾅﾜｹﾝ,与那原町,ﾖﾅﾊﾞﾙﾁｮｳ
473502,沖縄県,ｵｷﾅﾜｹﾝ,南風原町,ﾊｴﾊﾞﾙﾁｮｳ
473537,沖縄県,ｵｷﾅﾜｹﾝ,渡嘉敷村,ﾄｶｼｷｿﾝ
473545,沖縄県,ｵｷﾅﾜｹﾝ,座間味村,ｻﾞﾏﾐｿﾝ
473553,沖縄県,ｵｷﾅﾜｹﾝ,粟国村,ｱｸﾞﾆｿﾝ
473561,沖縄県,ｵｷﾅﾜｹﾝ,渡名喜村,ﾄﾅｷｿﾝ
473570,沖縄県,ｵｷﾅﾜｹﾝ,南大東村,ﾐﾅﾐﾀﾞｲﾄｳｿﾝ
473588,沖縄県,ｵｷﾅﾜｹﾝ,北大東村,ｷﾀﾀﾞｲﾄｳｿﾝ
473596,沖縄県,ｵｷﾅﾜｹﾝ,伊平屋村,ｲﾍﾔｿﾝ
473600,沖縄県,ｵｷﾅﾜｹﾝ,伊是名村,ｲｾﾞﾅｿﾝ
473618,沖縄県,ｵｷﾅﾜｹﾝ,久米島町,ｸﾒｼﾞﾏﾁｮｳ
473626,沖縄県,ｵｷﾅﾜｹﾝ,八重瀬町,ﾔｴｾﾁｮｳ
473758,沖縄県,ｵｷﾅﾜｹﾝ,多良間村,ﾀﾗﾏｿﾝ
473812,沖縄県,ｵｷﾅﾜｹﾝ,竹富町,ﾀｹﾄﾐﾁｮｳ
473821,沖縄県,ｵｷﾅﾜｹﾝ,与那国町,ﾖﾅｸﾞﾆﾁｮｳ
